"ROLE_PERM_ID","ROLE_ID","PERM_ID","ACTV_IND","OBJ_ID","VER_NBR"
"KCoeus1000","KCoeus10000","KCoeus10000","Y","EAAE523DB77EA6E9E040DC0A1F8A0F5D",1
"KCoeus10000","KCoeus10002","KCoeus846","Y","EAAE523DBD81A6E9E040DC0A1F8A0F5D",1
"KCoeus10001","KCoeus10002","KCoeus848","Y","EAAE523DBD82A6E9E040DC0A1F8A0F5D",1
"KCoeus10002","KCoeus10002","KCoeus849","Y","EAAE523DBD83A6E9E040DC0A1F8A0F5D",1
"KCoeus10003","KCoeus10002","KCoeus850","Y","EAAE523DBD84A6E9E040DC0A1F8A0F5D",1
"KCoeus10004","KCoeus10002","KCoeus851","Y","EAAE523DBD85A6E9E040DC0A1F8A0F5D",1
"KCoeus10005","KCoeus10002","KCoeus860","Y","EAAE523DBD86A6E9E040DC0A1F8A0F5D",1
"KCoeus10006","KCoeus10002","KCoeus861","Y","EAAE523DBD87A6E9E040DC0A1F8A0F5D",1
"KCoeus10007","KCoeus10002","KCoeus862","Y","EAAE523DBD88A6E9E040DC0A1F8A0F5D",1
"KCoeus10008","KCoeus10002","KCoeus871","Y","EAAE523DBD89A6E9E040DC0A1F8A0F5D",1
"KCoeus10009","KCoeus10002","KCoeus872","Y","EAAE523DBD8AA6E9E040DC0A1F8A0F5D",1
"KCoeus1001","KCoeus10000","KCoeus10001","Y","EAAE523DB77FA6E9E040DC0A1F8A0F5D",1
"KCoeus10010","KCoeus10002","KCoeus874","Y","EAAE523DBD8BA6E9E040DC0A1F8A0F5D",1
"KCoeus10011","KCoeus10002","KCoeus893","Y","EAAE523DBD8CA6E9E040DC0A1F8A0F5D",1
"KCoeus10012","KCoeus10003","KCoeus848","Y","EAAE523DBD8DA6E9E040DC0A1F8A0F5D",1
"KCoeus10013","KCoeus10003","KCoeus849","Y","EAAE523DBD8EA6E9E040DC0A1F8A0F5D",1
"KCoeus10014","KCoeus10003","KCoeus860","Y","EAAE523DBD8FA6E9E040DC0A1F8A0F5D",1
"KCoeus10015","KCoeus10003","KCoeus861","Y","EAAE523DBD90A6E9E040DC0A1F8A0F5D",1
"KCoeus10016","KCoeus10003","KCoeus862","Y","EAAE523DBD91A6E9E040DC0A1F8A0F5D",1
"KCoeus10017","KCoeus10003","KCoeus871","Y","EAAE523DBD92A6E9E040DC0A1F8A0F5D",1
"KCoeus1002","KCoeus10001","KCoeus10002","Y","EAAE523DB831A6E9E040DC0A1F8A0F5D",1
"KCoeus1003","KCoeus1610","KCoeus1158","Y","EAAE523DB854A6E9E040DC0A1F8A0F5D",1
"KCoeus1058","KCoeus113","KCoeus941","Y","B6A9041F234EBA87E040DC0A1F8A1D34",1
"KCoeus1081","KCoeus125","307","Y","B6A9041F2365BA87E040DC0A1F8A1D34",1
"KCoeus1084","KCoeus125","156","Y","B6A9041F2368BA87E040DC0A1F8A1D34",1
"KCoeus1089","KCoeus111","KCoeus842","Y","B6A90093ADA88D60E040DC0A1F8A1D16",1
"KCoeus1090","KCoeus110","KCoeus848","Y","B6A90093AD9D8D60E040DC0A1F8A1D16",1
"KCoeus1091","KCoeus110","KCoeus860","Y","B6A90093ADA18D60E040DC0A1F8A1D16",1
"KCoeus1092","KCoeus110","KCoeus850","Y","B6A90093AD9F8D60E040DC0A1F8A1D16",1
"KCoeus1093","KCoeus110","KCoeus862","Y","B6A90093ADA38D60E040DC0A1F8A1D16",1
"KCoeus1094","KCoeus110","KCoeus849","Y","B6A90093AD9E8D60E040DC0A1F8A1D16",1
"KCoeus1095","KCoeus110","KCoeus861","Y","B6A90093ADA28D60E040DC0A1F8A1D16",1
"KCoeus1096","KCoeus110","KCoeus851","Y","B6A90093ADA08D60E040DC0A1F8A1D16",1
"KCoeus1097","KCoeus110","KCoeus871","Y","B6A90093ADA48D60E040DC0A1F8A1D16",1
"KCoeus1098","KCoeus110","KCoeus872","Y","B6A90093ADA58D60E040DC0A1F8A1D16",1
"KCoeus1099","KCoeus110","KCoeus846","Y","B6A90093AD9C8D60E040DC0A1F8A1D16",1
"KCoeus1100","KCoeus110","KCoeus874","Y","B6A90093ADA68D60E040DC0A1F8A1D16",1
"KCoeus1101","KCoeus109","KCoeus848","Y","B6A90093AD968D60E040DC0A1F8A1D16",1
"KCoeus1102","KCoeus109","KCoeus860","Y","B6A90093AD988D60E040DC0A1F8A1D16",1
"KCoeus1103","KCoeus109","KCoeus850","Y","B6A90093AD978D60E040DC0A1F8A1D16",1
"KCoeus1104","KCoeus109","KCoeus862","Y","B6A90093AD9A8D60E040DC0A1F8A1D16",1
"KCoeus1105","KCoeus109","KCoeus861","Y","B6A90093AD998D60E040DC0A1F8A1D16",1
"KCoeus1106","KCoeus109","KCoeus871","Y","B6A90093AD9B8D60E040DC0A1F8A1D16",1
"KCoeus1107","KCoeus108","KCoeus848","Y","B6A90093AD908D60E040DC0A1F8A1D16",1
"KCoeus1108","KCoeus108","KCoeus860","Y","B6A90093AD928D60E040DC0A1F8A1D16",1
"KCoeus1109","KCoeus108","KCoeus862","Y","B6A90093AD948D60E040DC0A1F8A1D16",1
"KCoeus1110","KCoeus108","KCoeus849","Y","B6A90093AD918D60E040DC0A1F8A1D16",1
"KCoeus1111","KCoeus108","KCoeus861","Y","B6A90093AD938D60E040DC0A1F8A1D16",1
"KCoeus1112","KCoeus108","KCoeus871","Y","B6A90093AD958D60E040DC0A1F8A1D16",1
"KCoeus1113","KCoeus107","KCoeus860","Y","B6A90093AD8C8D60E040DC0A1F8A1D16",1
"KCoeus1114","KCoeus107","KCoeus862","Y","B6A90093AD8E8D60E040DC0A1F8A1D16",1
"KCoeus1115","KCoeus107","KCoeus861","Y","B6A90093AD8D8D60E040DC0A1F8A1D16",1
"KCoeus1116","KCoeus107","KCoeus871","Y","B6A90093AD8F8D60E040DC0A1F8A1D16",1
"KCoeus1117","KCoeus131","KCoeus860","Y","B6A90093AE0C8D60E040DC0A1F8A1D16",1
"KCoeus1118","KCoeus131","KCoeus862","Y","B6A90093AE0E8D60E040DC0A1F8A1D16",1
"KCoeus1119","KCoeus131","KCoeus861","Y","B6A90093AE0D8D60E040DC0A1F8A1D16",1
"KCoeus1120","KCoeus131","KCoeus870","Y","B6A90093AE0F8D60E040DC0A1F8A1D16",1
"KCoeus1121","KCoeus131","KCoeus874","Y","B6A90093AE108D60E040DC0A1F8A1D16",1
"KCoeus1122","KCoeus130","KCoeus860","Y","B6A90093AE048D60E040DC0A1F8A1D16",1
"KCoeus1123","KCoeus130","KCoeus862","Y","B6A90093AE068D60E040DC0A1F8A1D16",1
"KCoeus1124","KCoeus130","KCoeus861","Y","B6A90093AE058D60E040DC0A1F8A1D16",1
"KCoeus1125","KCoeus130","KCoeus870","Y","B6A90093AE078D60E040DC0A1F8A1D16",1
"KCoeus1126","KCoeus130","KCoeus871","Y","B6A90093AE088D60E040DC0A1F8A1D16",1
"KCoeus1127","KCoeus130","KCoeus873","Y","B6A90093AE098D60E040DC0A1F8A1D16",1
"KCoeus1128","KCoeus129","KCoeus843","Y","B6A90093AE038D60E040DC0A1F8A1D16",1
"KCoeus1129","KCoeus105","KCoeus885","Y","B6A90093AD8B8D60E040DC0A1F8A1D16",1
"KCoeus1130","KCoeus105","KCoeus847","Y","B6A90093AD848D60E040DC0A1F8A1D16",1
"KCoeus1131","KCoeus105","KCoeus852","Y","B6A90093AD858D60E040DC0A1F8A1D16",1
"KCoeus1132","KCoeus105","KCoeus863","Y","B6A90093AD878D60E040DC0A1F8A1D16",1
"KCoeus1133","KCoeus105","KCoeus853","Y","B6A90093AD868D60E040DC0A1F8A1D16",1
"KCoeus1134","KCoeus105","KCoeus879","Y","B6A90093AD8A8D60E040DC0A1F8A1D16",1
"KCoeus1135","KCoeus105","KCoeus875","Y","B6A90093AD888D60E040DC0A1F8A1D16",1
"KCoeus1136","KCoeus105","KCoeus876","Y","B6A90093AD898D60E040DC0A1F8A1D16",1
"KCoeus1137","KCoeus104","KCoeus863","Y","B6A90093AD838D60E040DC0A1F8A1D16",1
"KCoeus1138","KCoeus128","KCoeus854","Y","B6A90093ADE68D60E040DC0A1F8A1D16",1
"KCoeus1139","KCoeus128","KCoeus855","Y","B6A90093ADE78D60E040DC0A1F8A1D16",1
"KCoeus1140","KCoeus128","KCoeus887","Y","B6A90093ADF68D60E040DC0A1F8A1D16",1
"KCoeus1141","KCoeus128","KCoeus880","Y","B6A90093ADF18D60E040DC0A1F8A1D16",1
"KCoeus1142","KCoeus128","KCoeus867","Y","B6A90093ADEE8D60E040DC0A1F8A1D16",1
"KCoeus1143","KCoeus128","KCoeus865","Y","B6A90093ADEC8D60E040DC0A1F8A1D16",1
"KCoeus1144","KCoeus128","KCoeus884","Y","B6A90093ADF58D60E040DC0A1F8A1D16",1
"KCoeus1145","KCoeus128","KCoeus864","Y","B6A90093ADEB8D60E040DC0A1F8A1D16",1
"KCoeus1146","KCoeus128","KCoeus866","Y","B6A90093ADED8D60E040DC0A1F8A1D16",1
"KCoeus1147","KCoeus128","KCoeus852","Y","B6A90093ADE58D60E040DC0A1F8A1D16",1
"KCoeus1148","KCoeus128","KCoeus844","Y","B6A90093ADE38D60E040DC0A1F8A1D16",1
"KCoeus1149","KCoeus128","KCoeus877","Y","B6A90093ADEF8D60E040DC0A1F8A1D16",1
"KCoeus1150","KCoeus128","KCoeus881","Y","B6A90093ADF28D60E040DC0A1F8A1D16",1
"KCoeus1151","KCoeus128","KCoeus882","Y","B6A90093ADF38D60E040DC0A1F8A1D16",1
"KCoeus1152","KCoeus128","KCoeus883","Y","B6A90093ADF48D60E040DC0A1F8A1D16",1
"KCoeus1153","KCoeus128","KCoeus856","Y","B6A90093ADE88D60E040DC0A1F8A1D16",1
"KCoeus1154","KCoeus128","KCoeus857","Y","B6A90093ADE98D60E040DC0A1F8A1D16",1
"KCoeus1155","KCoeus128","KCoeus878","Y","B6A90093ADF08D60E040DC0A1F8A1D16",1
"KCoeus1156","KCoeus127","KCoeus867","Y","B6A90093ADDB8D60E040DC0A1F8A1D16",1
"KCoeus1157","KCoeus127","KCoeus865","Y","B6A90093ADD98D60E040DC0A1F8A1D16",1
"KCoeus1158","KCoeus127","KCoeus884","Y","B6A90093ADDC8D60E040DC0A1F8A1D16",1
"KCoeus1159","KCoeus127","KCoeus864","Y","B6A90093ADD88D60E040DC0A1F8A1D16",1
"KCoeus1160","KCoeus127","KCoeus866","Y","B6A90093ADDA8D60E040DC0A1F8A1D16",1
"KCoeus1161","KCoeus126","KCoeus845","Y","B6A90093ADD38D60E040DC0A1F8A1D16",1
"KCoeus1162","KCoeus126","KCoeus858","Y","B6A90093ADD48D60E040DC0A1F8A1D16",1
"KCoeus1163","KCoeus126","KCoeus868","Y","B6A90093ADD58D60E040DC0A1F8A1D16",1
"KCoeus1164","KCoeus124","KCoeus859","Y","B6A90093ADD18D60E040DC0A1F8A1D16",1
"KCoeus1165","KCoeus123","KCoeus868","Y","B6A90093ADD08D60E040DC0A1F8A1D16",1
"KCoeus1166","KCoeus122","KCoeus869","Y","B6A90093ADCF8D60E040DC0A1F8A1D16",1
"KCoeus1167","KCoeus128","KCoeus891","Y","B6A90093ADF78D60E040DC0A1F8A1D16",1
"KCoeus1168","KCoeus127","KCoeus892","Y","B6A90093ADDD8D60E040DC0A1F8A1D16",1
"KCoeus1169","KCoeus110","KCoeus893","Y","B6A90093ADA78D60E040DC0A1F8A1D16",1
"KCoeus1170","KCoeus128","KCoeus915","Y","B6A90093ADF88D60E040DC0A1F8A1D16",1
"KCoeus1171","KCoeus127","KCoeus916","Y","B6A90093ADDE8D60E040DC0A1F8A1D16",1
"KCoeus1172","KCoeus98","KCoeus895","Y","B6A90093AD6C8D60E040DC0A1F8A1D16",1
"KCoeus1173","KCoeus98","KCoeus898","Y","B6A90093AD6D8D60E040DC0A1F8A1D16",1
"KCoeus1174","KCoeus98","KCoeus899","Y","B6A90093AD6E8D60E040DC0A1F8A1D16",1
"KCoeus1175","KCoeus98","KCoeus903","Y","B6A90093AD6F8D60E040DC0A1F8A1D16",1
"KCoeus1176","KCoeus98","KCoeus904","Y","B6A90093AD708D60E040DC0A1F8A1D16",1
"KCoeus1177","KCoeus98","KCoeus905","Y","B6A90093AD718D60E040DC0A1F8A1D16",1
"KCoeus1179","KCoeus98","KCoeus907","Y","B6A90093AD738D60E040DC0A1F8A1D16",1
"KCoeus1180","KCoeus98","163","Y","B6A90093AD7D8D60E040DC0A1F8A1D16",1
"KCoeus1181","KCoeus98","183","Y","B6A90093AD7E8D60E040DC0A1F8A1D16",1
"KCoeus1182","KCoeus98","298","Y","B6A90093AD748D60E040DC0A1F8A1D16",1
"KCoeus1183","KCoeus98","299","Y","B6A90093AD758D60E040DC0A1F8A1D16",1
"KCoeus1184","KCoeus98","149","Y","B6A90093AD7C8D60E040DC0A1F8A1D16",1
"KCoeus1185","KCoeus137","KCoeus918","Y","B6A90093AE128D60E040DC0A1F8A1D16",1
"KCoeus1187","KCoeus118","KCoeus924","Y","B6A90093ADCD8D60E040DC0A1F8A1D16",1
"KCoeus1188","KCoeus118","KCoeus930","Y","B6A90093ADCE8D60E040DC0A1F8A1D16",1
"KCoeus1189","KCoeus117","KCoeus920","Y","B6A90093ADC18D60E040DC0A1F8A1D16",1
"KCoeus1190","KCoeus117","KCoeus921","Y","B6A90093ADC28D60E040DC0A1F8A1D16",1
"KCoeus1191","KCoeus117","KCoeus922","Y","B6A90093ADC38D60E040DC0A1F8A1D16",1
"KCoeus1192","KCoeus117","KCoeus923","Y","B6A90093ADC48D60E040DC0A1F8A1D16",1
"KCoeus1193","KCoeus117","KCoeus924","Y","B6A90093ADC58D60E040DC0A1F8A1D16",1
"KCoeus1194","KCoeus117","KCoeus925","Y","B6A90093ADC68D60E040DC0A1F8A1D16",1
"KCoeus1195","KCoeus117","KCoeus926","Y","B6A90093ADC78D60E040DC0A1F8A1D16",1
"KCoeus1196","KCoeus117","KCoeus927","Y","B6A90093ADC88D60E040DC0A1F8A1D16",1
"KCoeus1197","KCoeus117","KCoeus928","Y","B6A90093ADC98D60E040DC0A1F8A1D16",1
"KCoeus1198","KCoeus117","KCoeus929","Y","B6A90093ADCA8D60E040DC0A1F8A1D16",1
"KCoeus1199","KCoeus117","KCoeus930","Y","B6A90093ADCB8D60E040DC0A1F8A1D16",1
"KCoeus1200","KCoeus117","KCoeus931","Y","B6A90093ADCC8D60E040DC0A1F8A1D16",1
"KCoeus1201","KCoeus116","KCoeus924","Y","B6A90093ADBA8D60E040DC0A1F8A1D16",1
"KCoeus1202","KCoeus116","KCoeus926","Y","B6A90093ADBB8D60E040DC0A1F8A1D16",1
"KCoeus1203","KCoeus116","KCoeus927","Y","B6A90093ADBC8D60E040DC0A1F8A1D16",1
"KCoeus1204","KCoeus116","KCoeus928","Y","B6A90093ADBD8D60E040DC0A1F8A1D16",1
"KCoeus1205","KCoeus116","KCoeus929","Y","B6A90093ADBE8D60E040DC0A1F8A1D16",1
"KCoeus1206","KCoeus116","KCoeus930","Y","B6A90093ADBF8D60E040DC0A1F8A1D16",1
"KCoeus1207","KCoeus116","KCoeus931","Y","B6A90093ADC08D60E040DC0A1F8A1D16",1
"KCoeus1209","KCoeus138","KCoeus924","Y","B6A90093AE138D60E040DC0A1F8A1D16",1
"KCoeus1210","KCoeus128","KCoeus933","Y","B6A90093ADF98D60E040DC0A1F8A1D16",1
"KCoeus1211","KCoeus127","KCoeus934","Y","B6A90093ADDF8D60E040DC0A1F8A1D16",1
"KCoeus1212","KCoeus115","KCoeus939","Y","B6A90093ADB68D60E040DC0A1F8A1D16",1
"KCoeus1213","KCoeus115","KCoeus938","Y","B6A90093ADB58D60E040DC0A1F8A1D16",1
"KCoeus1214","KCoeus115","KCoeus936","Y","B6A90093ADB48D60E040DC0A1F8A1D16",1
"KCoeus1215","KCoeus115","KCoeus940","Y","B6A90093ADB78D60E040DC0A1F8A1D16",1
"KCoeus1216","KCoeus115","KCoeus941","Y","B6A90093ADB88D60E040DC0A1F8A1D16",1
"KCoeus1217","KCoeus115","KCoeus942","Y","B6A90093ADB98D60E040DC0A1F8A1D16",1
"KCoeus1218","KCoeus114","KCoeus936","Y","B6A90093ADB08D60E040DC0A1F8A1D16",1
"KCoeus1219","KCoeus114","KCoeus941","Y","B6A90093ADB18D60E040DC0A1F8A1D16",1
"KCoeus1220","KCoeus114","KCoeus942","Y","B6A90093ADB28D60E040DC0A1F8A1D16",1
"KCoeus1221","KCoeus113","KCoeus939","Y","B6A90093ADAD8D60E040DC0A1F8A1D16",1
"KCoeus1222","KCoeus113","KCoeus936","Y","B6A90093ADAC8D60E040DC0A1F8A1D16",1
"KCoeus1223","KCoeus113","KCoeus942","Y","B6A90093ADAE8D60E040DC0A1F8A1D16",1
"KCoeus1224","KCoeus101","KCoeus942","Y","B6A90093AD808D60E040DC0A1F8A1D16",1
"KCoeus1225","KCoeus102","KCoeus941","Y","B6A90093AD828D60E040DC0A1F8A1D16",1
"KCoeus1226","KCoeus112","KCoeus937","Y","B6A90093ADAA8D60E040DC0A1F8A1D16",1
"KCoeus1230","KCoeus128","KCoeus943","Y","B6A90093ADFA8D60E040DC0A1F8A1D16",1
"KCoeus1231","KCoeus127","KCoeus944","Y","B6A90093ADE08D60E040DC0A1F8A1D16",1
"KCoeus1232","KCoeus131","KCoeus932","Y","B6A90093AE118D60E040DC0A1F8A1D16",1
"KCoeus1233","KCoeus98","KCoeus910","Y","B6A90093AD768D60E040DC0A1F8A1D16",1
"KCoeus1234","KCoeus98","KCoeus911","Y","B6A90093AD778D60E040DC0A1F8A1D16",1
"KCoeus1235","KCoeus98","KCoeus912","Y","B6A90093AD788D60E040DC0A1F8A1D16",1
"KCoeus1236","KCoeus98","KCoeus913","Y","B6A90093AD798D60E040DC0A1F8A1D16",1
"KCoeus1237","KCoeus98","KCoeus914","Y","B6A90093AD7A8D60E040DC0A1F8A1D16",1
"KCoeus1239","KCoeus115","KCoeus868","Y","B6A90093ADB38D60E040DC0A1F8A1D16",1
"KCoeus1240","KCoeus114","KCoeus868","Y","B6A90093ADAF8D60E040DC0A1F8A1D16",1
"KCoeus1241","KCoeus113","KCoeus868","Y","B6A90093ADAB8D60E040DC0A1F8A1D16",1
"KCoeus1242","KCoeus101","KCoeus868","Y","B6A90093AD7F8D60E040DC0A1F8A1D16",1
"KCoeus1243","KCoeus102","KCoeus868","Y","B6A90093AD818D60E040DC0A1F8A1D16",1
"KCoeus1244","KCoeus112","KCoeus868","Y","B6A90093ADA98D60E040DC0A1F8A1D16",1
"KCoeus1245","KCoeus130","KCoeus920","Y","B6A90093AE0A8D60E040DC0A1F8A1D16",1
"KCoeus1246","KCoeus130","KCoeus923","Y","B6A90093AE0B8D60E040DC0A1F8A1D16",1
"KCoeus1247","KCoeus126","KCoeus920","Y","B6A90093ADD68D60E040DC0A1F8A1D16",1
"KCoeus1248","KCoeus126","KCoeus923","Y","B6A90093ADD78D60E040DC0A1F8A1D16",1
"KCoeus1249","KCoeus139","KCoeus917","Y","B6A90093AE178D60E040DC0A1F8A1D16",1
"KCoeus1250","KCoeus139","KCoeus888","Y","B6A90093AE148D60E040DC0A1F8A1D16",1
"KCoeus1251","KCoeus139","KCoeus889","Y","B6A90093AE158D60E040DC0A1F8A1D16",1
"KCoeus1252","KCoeus139","KCoeus890","Y","B6A90093AE168D60E040DC0A1F8A1D16",1
"KCoeus1253","KCoeus139","KCoeus918","Y","B6A90093AE188D60E040DC0A1F8A1D16",1
"KCoeus1254","KCoeus139","KCoeus919","Y","B6A90093AE198D60E040DC0A1F8A1D16",1
"KCoeus1255","KCoeus140","KCoeus917","Y","B6A90093AE1D8D60E040DC0A1F8A1D16",1
"KCoeus1256","KCoeus140","KCoeus888","Y","B6A90093AE1A8D60E040DC0A1F8A1D16",1
"KCoeus1257","KCoeus140","KCoeus889","Y","B6A90093AE1B8D60E040DC0A1F8A1D16",1
"KCoeus1258","KCoeus140","KCoeus890","Y","B6A90093AE1C8D60E040DC0A1F8A1D16",1
"KCoeus1259","KCoeus140","KCoeus918","Y","B6A90093AE1E8D60E040DC0A1F8A1D16",1
"KCoeus1260","KCoeus140","KCoeus919","Y","B6A90093AE1F8D60E040DC0A1F8A1D16",1
"KCoeus1261","KCoeus141","KCoeus917","Y","B6A90093AE238D60E040DC0A1F8A1D16",1
"KCoeus1262","KCoeus141","KCoeus888","Y","B6A90093AE208D60E040DC0A1F8A1D16",1
"KCoeus1263","KCoeus141","KCoeus889","Y","B6A90093AE218D60E040DC0A1F8A1D16",1
"KCoeus1264","KCoeus141","KCoeus890","Y","B6A90093AE228D60E040DC0A1F8A1D16",1
"KCoeus1265","KCoeus141","KCoeus918","Y","B6A90093AE248D60E040DC0A1F8A1D16",1
"KCoeus1266","KCoeus141","KCoeus919","Y","B6A90093AE258D60E040DC0A1F8A1D16",1
"KCoeus1267","KCoeus142","KCoeus918","Y","B6A90093AE268D60E040DC0A1F8A1D16",1
"KCoeus1268","KCoeus143","KCoeus863","Y","B6A90093AE278D60E040DC0A1F8A1D16",1
"KCoeus1269","KCoeus128","KCoeus863","Y","B6A90093ADEA8D60E040DC0A1F8A1D16",1
"KCoeus1270","KCoeus128","KCoeus947","Y","B6A90093ADFD8D60E040DC0A1F8A1D16",1
"KCoeus1271","KCoeus128","KCoeus948","Y","B6A90093ADFE8D60E040DC0A1F8A1D16",1
"KCoeus1272","KCoeus143","KCoeus945","Y","B6A90093AE288D60E040DC0A1F8A1D16",1
"KCoeus1273","KCoeus128","KCoeus945","Y","B6A90093ADFB8D60E040DC0A1F8A1D16",1
"KCoeus1274","KCoeus143","KCoeus946","Y","B6A90093AE298D60E040DC0A1F8A1D16",1
"KCoeus1275","KCoeus128","KCoeus946","Y","B6A90093ADFC8D60E040DC0A1F8A1D16",1
"KCoeus1276","KCoeus128","KCoeus959","Y","B6A90093ADFF8D60E040DC0A1F8A1D16",1
"KCoeus1277","KCoeus127","KCoeus960","Y","B6A90093ADE18D60E040DC0A1F8A1D16",1
"KCoeus1278","KCoeus128","KCoeus961","Y","B6A90093AE018D60E040DC0A1F8A1D16",1
"KCoeus1279","KCoeus128","KCoeus843","Y","B6A90093ADE28D60E040DC0A1F8A1D16",1
"KCoeus1280","KCoeus128","KCoeus962","Y","B6A90093AE028D60E040DC0A1F8A1D16",1
"KCoeus1281","KCoeus128","KCoeus847","Y","B6A90093ADE48D60E040DC0A1F8A1D16",1
"KCoeus1282","KCoeus128","KCoeus963","Y","B6A90093AE008D60E040DC0A1F8A1D16",1
"KCoeus1283","KCoeus150","KCoeus865","Y","B6A90093AE2A8D60E040DC0A1F8A1D16",1
"KCoeus1284","KCoeus151","KCoeus866","Y","B6A90093AE2B8D60E040DC0A1F8A1D16",1
"KCoeus1285","KCoeus98","KCoeus906","Y","B6A90093AD728D60E040DC0A1F8A1D16",1
"KCoeus1286","KCoeus131","KCoeus964","Y","B6A9041F234DBA87E040DC0A1F8A1D34",1
"KCoeus1287","KCoeus128","KCoeus965","Y","B6A9041F234CBA87E040DC0A1F8A1D34",1
"KCoeus1288","KCoeus125","KCoeus895","Y","B6A9041F2351BA87E040DC0A1F8A1D34",1
"KCoeus1289","KCoeus125","KCoeus898","Y","B6A9041F2352BA87E040DC0A1F8A1D34",1
"KCoeus1290","KCoeus125","KCoeus899","Y","B6A9041F2353BA87E040DC0A1F8A1D34",1
"KCoeus1291","KCoeus125","KCoeus903","Y","B6A9041F2354BA87E040DC0A1F8A1D34",1
"KCoeus1292","KCoeus125","KCoeus904","Y","B6A9041F2355BA87E040DC0A1F8A1D34",1
"KCoeus1293","KCoeus125","KCoeus905","Y","B6A9041F2356BA87E040DC0A1F8A1D34",1
"KCoeus1294","KCoeus125","KCoeus906","Y","B6A9041F2357BA87E040DC0A1F8A1D34",1
"KCoeus1295","KCoeus125","KCoeus907","Y","B6A9041F2358BA87E040DC0A1F8A1D34",1
"KCoeus1296","KCoeus125","163","Y","B6A9041F2359BA87E040DC0A1F8A1D34",1
"KCoeus1297","KCoeus125","183","Y","B6A9041F235ABA87E040DC0A1F8A1D34",1
"KCoeus1298","KCoeus125","298","Y","B6A9041F235BBA87E040DC0A1F8A1D34",1
"KCoeus1299","KCoeus125","299","Y","B6A9041F235CBA87E040DC0A1F8A1D34",1
"KCoeus1300","KCoeus125","306","Y","B6A9041F235DBA87E040DC0A1F8A1D34",1
"KCoeus1301","KCoeus125","149","Y","B6A9041F235EBA87E040DC0A1F8A1D34",1
"KCoeus1302","KCoeus125","KCoeus910","Y","B6A9041F235FBA87E040DC0A1F8A1D34",1
"KCoeus1303","KCoeus125","KCoeus911","Y","B6A9041F2360BA87E040DC0A1F8A1D34",1
"KCoeus1304","KCoeus125","KCoeus912","Y","B6A9041F2361BA87E040DC0A1F8A1D34",1
"KCoeus1305","KCoeus125","KCoeus913","Y","B6A9041F2362BA87E040DC0A1F8A1D34",1
"KCoeus1306","KCoeus125","KCoeus914","Y","B6A9041F2363BA87E040DC0A1F8A1D34",1
"KCoeus1307","KCoeus125","KCoeus894","Y","B6A9041F2364BA87E040DC0A1F8A1D34",1
"KCoeus1308","KCoeus125","155","Y","B6A9041F2366BA87E040DC0A1F8A1D34",1
"KCoeus1309","KCoeus125","167","Y","B6A9041F2367BA87E040DC0A1F8A1D34",1
"KCoeus1311","KCoeus125","174","Y","B6A9041F236ABA87E040DC0A1F8A1D34",1
"KCoeus1312","KCoeus125","168","Y","B6A9041F236BBA87E040DC0A1F8A1D34",1
"KCoeus1313","KCoeus125","KCoeus952","Y","B6A9041F236CBA87E040DC0A1F8A1D34",1
"KCoeus1314","KCoeus98","KCoeus952","Y","B6A90093AD7B8D60E040DC0A1F8A1D16",1
"KCoeus1316","KCoeus153","KCoeus970","Y","B6A9048F74A37930E040DC0A1F8A1D42",1
"KCoeus1317","KCoeus153","KCoeus972","Y","B6A9048F74A47930E040DC0A1F8A1D42",1
"KCoeus1318","KCoeus154","KCoeus966","Y","B6A9048F74A57930E040DC0A1F8A1D42",1
"KCoeus1319","KCoeus154","KCoeus967","Y","B6A9048F74A67930E040DC0A1F8A1D42",1
"KCoeus1320","KCoeus154","KCoeus968","Y","B6A9048F74A77930E040DC0A1F8A1D42",1
"KCoeus1321","KCoeus154","KCoeus969","Y","B6A9048F74A87930E040DC0A1F8A1D42",1
"KCoeus1322","KCoeus154","KCoeus970","Y","B6A9048F74A97930E040DC0A1F8A1D42",1
"KCoeus1323","KCoeus154","KCoeus971","Y","B6A9048F74AA7930E040DC0A1F8A1D42",1
"KCoeus1324","KCoeus154","KCoeus972","Y","B6A9048F74AB7930E040DC0A1F8A1D42",1
"KCoeus1325","KCoeus101","KCoeus972","Y","B6A9048F74AC7930E040DC0A1F8A1D42",1
"KCoeus1326","KCoeus101","KCoeus970","Y","B6A9048F74AD7930E040DC0A1F8A1D42",1
"KCoeus1327","KCoeus155","KCoeus973","Y","B6A9050127EA65A3E040DC0A1F8A1D4C",1
"KCoeus1328","KCoeus155","KCoeus860","Y","B6A9050127EB65A3E040DC0A1F8A1D4C",1
"KCoeus1329","KCoeus155","KCoeus861","Y","B6A9050127EC65A3E040DC0A1F8A1D4C",1
"KCoeus1330","KCoeus155","KCoeus862","Y","B6A9050127ED65A3E040DC0A1F8A1D4C",1
"KCoeus1331","KCoeus125","KCoeus974","Y","B6A9051D48CDF9D0E040DC0A1F8A1D56",1
"KCoeus1332","KCoeus115","KCoeus974","Y","B6A9051D48CEF9D0E040DC0A1F8A1D56",1
"KCoeus1333","KCoeus128","KCoeus974","Y","B6A9051D48CFF9D0E040DC0A1F8A1D56",1
"KCoeus1334","KCoeus131","KCoeus974","Y","B6A9051D48D0F9D0E040DC0A1F8A1D56",1
"KCoeus1336","KCoeus138","KCoeus974","Y","B6A9051D48D2F9D0E040DC0A1F8A1D56",1
"KCoeus1337","KCoeus156","KCoeus976","Y","B6A9051D48E0F9D0E040DC0A1F8A1D56",1
"KCoeus1338","KCoeus156","KCoeus975","Y","B6A9051D48E1F9D0E040DC0A1F8A1D56",1
"KCoeus1339","KCoeus156","KCoeus977","Y","B6A9051D48E2F9D0E040DC0A1F8A1D56",1
"KCoeus1340","KCoeus156","KCoeus978","Y","B6A9051D48E3F9D0E040DC0A1F8A1D56",1
"KCoeus1341","KCoeus156","KCoeus979","Y","B6A9051D48E4F9D0E040DC0A1F8A1D56",1
"KCoeus1342","KCoeus156","KCoeus980","Y","B6A9051D48E5F9D0E040DC0A1F8A1D56",1
"KCoeus1343","KCoeus156","KCoeus981","Y","B6A9051D48E6F9D0E040DC0A1F8A1D56",1
"KCoeus1344","KCoeus156","KCoeus885","Y","B6A9051D48E7F9D0E040DC0A1F8A1D56",1
"KCoeus1345","KCoeus110","KCoeus982","Y","B6A9051D48E8F9D0E040DC0A1F8A1D56",1
"KCoeus1346","KCoeus108","KCoeus982","Y","B6A9051D48E9F9D0E040DC0A1F8A1D56",1
"KCoeus1347","KCoeus157","KCoeus848","Y","C041EF5964EE6B48E040DC0A1F8A15A8",1
"KCoeus1348","KCoeus157","KCoeus860","Y","C041EF5964EF6B48E040DC0A1F8A15A8",1
"KCoeus1349","KCoeus157","KCoeus850","Y","C041EF5964F06B48E040DC0A1F8A15A8",1
"KCoeus1350","KCoeus157","KCoeus862","Y","C041EF5964F16B48E040DC0A1F8A15A8",1
"KCoeus1351","KCoeus157","KCoeus849","Y","C041EF5964F26B48E040DC0A1F8A15A8",1
"KCoeus1352","KCoeus157","KCoeus861","Y","C041EF5964F36B48E040DC0A1F8A15A8",1
"KCoeus1353","KCoeus157","KCoeus851","Y","C041EF5964F46B48E040DC0A1F8A15A8",1
"KCoeus1354","KCoeus157","KCoeus871","Y","C041EF5964F56B48E040DC0A1F8A15A8",1
"KCoeus1355","KCoeus157","KCoeus982","Y","C041EF5964F66B48E040DC0A1F8A15A8",1
"KCoeus1356","KCoeus159","KCoeus863","Y","C041EF5965056B48E040DC0A1F8A15A8",1
"KCoeus1357","KCoeus160","KCoeus891","Y","C041EF5965076B48E040DC0A1F8A15A8",1
"KCoeus1358","KCoeus160","KCoeus915","Y","C041EF5965086B48E040DC0A1F8A15A8",1
"KCoeus1359","KCoeus161","KCoeus891","Y","C041EF59650A6B48E040DC0A1F8A15A8",1
"KCoeus1360","KCoeus161","KCoeus915","Y","C041EF59650B6B48E040DC0A1F8A15A8",1
"KCoeus1361","KCoeus161","KCoeus958","Y","C041EF59650C6B48E040DC0A1F8A15A8",1
"KCoeus1362","KCoeus162","KCoeus891","Y","C041EF59650E6B48E040DC0A1F8A15A8",1
"KCoeus1363","KCoeus162","KCoeus915","Y","C041EF59650F6B48E040DC0A1F8A15A8",1
"KCoeus1364","KCoeus162","KCoeus957","Y","C041EF5965106B48E040DC0A1F8A15A8",1
"KCoeus1365","KCoeus163","KCoeus983","Y","C041EF5965286B48E040DC0A1F8A15A8",1
"KCoeus1366","KCoeus163","KCoeus984","Y","C041EF59652A6B48E040DC0A1F8A15A8",1
"KCoeus1367","KCoeus163","KCoeus985","Y","C041EF59652C6B48E040DC0A1F8A15A8",1
"KCoeus1368","KCoeus163","KCoeus986","Y","C041EF59652E6B48E040DC0A1F8A15A8",1
"KCoeus1369","KCoeus163","KCoeus987","Y","C041EF5965306B48E040DC0A1F8A15A8",1
"KCoeus1370","KCoeus163","KCoeus988","Y","C041EF5965326B48E040DC0A1F8A15A8",1
"KCoeus1371","KCoeus163","KCoeus989","Y","C041EF5965346B48E040DC0A1F8A15A8",1
"KCoeus1372","KCoeus164","KCoeus990","Y","C041EF5965376B48E040DC0A1F8A15A8",1
"KCoeus1373","KCoeus164","KCoeus991","Y","C041EF5965396B48E040DC0A1F8A15A8",1
"KCoeus1374","KCoeus164","KCoeus992","Y","C041EF59653B6B48E040DC0A1F8A15A8",1
"KCoeus1375","KCoeus164","KCoeus993","Y","C041EF59653D6B48E040DC0A1F8A15A8",1
"KCoeus1376","KCoeus128","KCoeus994","Y","C041EF59654A6B48E040DC0A1F8A15A8",1
"KCoeus1377","KCoeus175","KCoeus995","Y","C041EF5965616B48E040DC0A1F8A15A8",1
"KCoeus1378","KCoeus105","KCoeus995","Y","C041EF5965626B48E040DC0A1F8A15A8",1
"KCoeus1379","KCoeus128","KCoeus995","Y","C041EF5965636B48E040DC0A1F8A15A8",1
"KCoeus1388","KCoeus1381","KCoeus998","Y","C041EF59657D6B48E040DC0A1F8A15A8",1
"KCoeus1389","KCoeus1381","KCoeus999","Y","C041EF59657E6B48E040DC0A1F8A15A8",1
"KCoeus1390","KCoeus1381","KCoeus1000","Y","C041EF59657F6B48E040DC0A1F8A15A8",1
"KCoeus1391","KCoeus1381","KCoeus1001","Y","C041EF5965806B48E040DC0A1F8A15A8",1
"KCoeus1392","KCoeus1381","KCoeus1002","Y","C041EF5965816B48E040DC0A1F8A15A8",1
"KCoeus1393","KCoeus1382","KCoeus998","Y","C041EF5965826B48E040DC0A1F8A15A8",1
"KCoeus1394","KCoeus1382","KCoeus999","Y","C041EF5965836B48E040DC0A1F8A15A8",1
"KCoeus1395","KCoeus1382","KCoeus1000","Y","C041EF5965846B48E040DC0A1F8A15A8",1
"KCoeus1396","KCoeus1382","KCoeus1001","Y","C041EF5965856B48E040DC0A1F8A15A8",1
"KCoeus1397","KCoeus1382","KCoeus1002","Y","C041EF5965866B48E040DC0A1F8A15A8",1
"KCoeus1398","KCoeus1383","KCoeus998","Y","C041EF5965876B48E040DC0A1F8A15A8",1
"KCoeus1399","KCoeus1383","KCoeus999","Y","C041EF5965886B48E040DC0A1F8A15A8",1
"KCoeus1400","KCoeus1383","KCoeus1000","Y","C041EF5965896B48E040DC0A1F8A15A8",1
"KCoeus1401","KCoeus1383","KCoeus1002","Y","C041EF59658A6B48E040DC0A1F8A15A8",1
"KCoeus1402","KCoeus131","KCoeus1002","Y","C041EF59658B6B48E040DC0A1F8A15A8",1
"KCoeus1403","KCoeus138","KCoeus1003","Y","C041EF59658C6B48E040DC0A1F8A15A8",1
"KCoeus1404","KCoeus1384","KCoeus1003","Y","C041EF59658D6B48E040DC0A1F8A15A8",1
"KCoeus1405","KCoeus1385","KCoeus1003","Y","C041EF59658E6B48E040DC0A1F8A15A8",1
"KCoeus1406","KCoeus1386","KCoeus1003","Y","C041EF59658F6B48E040DC0A1F8A15A8",1
"KCoeus1407","KCoeus1387","KCoeus1003","Y","C041EF5965906B48E040DC0A1F8A15A8",1
"KCoeus1408","KCoeus126","KCoeus1004","Y","C041EF5965956B48E040DC0A1F8A15A8",1
"KCoeus1409","KCoeus176","KCoeus1004","Y","C041EF5965976B48E040DC0A1F8A15A8",1
"KCoeus1412","KCoeus1410","KCoeus1007","Y","C041EF59659D6B48E040DC0A1F8A15A8",1
"KCoeus1413","KCoeus1411","KCoeus1005","Y","C041EF59659E6B48E040DC0A1F8A15A8",1
"KCoeus1414","KCoeus1411","KCoeus1006","Y","C041EF59659F6B48E040DC0A1F8A15A8",1
"KCoeus1415","KCoeus1411","KCoeus1007","Y","C041EF5965A06B48E040DC0A1F8A15A8",1
"KCoeus1418","KCoeus177","KCoeus885","Y","C041EF5965B86B48E040DC0A1F8A15A8",1
"KCoeus1419","KCoeus177","KCoeus886","Y","C041EF5965B96B48E040DC0A1F8A15A8",1
"KCoeus1420","KCoeus177","KCoeus887","Y","C041EF5965BA6B48E040DC0A1F8A15A8",1
"KCoeus1421","KCoeus177","KCoeus888","Y","C041EF5965BB6B48E040DC0A1F8A15A8",1
"KCoeus1422","KCoeus177","KCoeus889","Y","C041EF5965BC6B48E040DC0A1F8A15A8",1
"KCoeus1423","KCoeus177","KCoeus890","Y","C041EF5965BD6B48E040DC0A1F8A15A8",1
"KCoeus1424","KCoeus177","KCoeus891","Y","C041EF5965BE6B48E040DC0A1F8A15A8",1
"KCoeus1425","KCoeus177","KCoeus892","Y","C041EF5965BF6B48E040DC0A1F8A15A8",1
"KCoeus1426","KCoeus177","KCoeus893","Y","C041EF5965C06B48E040DC0A1F8A15A8",1
"KCoeus1427","KCoeus177","KCoeus894","Y","C041EF5965C16B48E040DC0A1F8A15A8",1
"KCoeus1428","KCoeus177","KCoeus895","Y","C041EF5965C26B48E040DC0A1F8A15A8",1
"KCoeus1429","KCoeus177","KCoeus896","Y","C041EF5965C36B48E040DC0A1F8A15A8",1
"KCoeus1430","KCoeus177","KCoeus897","Y","C041EF5965C46B48E040DC0A1F8A15A8",1
"KCoeus1431","KCoeus177","KCoeus898","Y","C041EF5965C56B48E040DC0A1F8A15A8",1
"KCoeus1432","KCoeus177","KCoeus899","Y","C041EF5965C66B48E040DC0A1F8A15A8",1
"KCoeus1433","KCoeus177","KCoeus900","Y","C041EF5965C76B48E040DC0A1F8A15A8",1
"KCoeus1434","KCoeus177","KCoeus901","Y","C041EF5965C86B48E040DC0A1F8A15A8",1
"KCoeus1435","KCoeus177","KCoeus902","Y","C041EF5965C96B48E040DC0A1F8A15A8",1
"KCoeus1436","KCoeus177","KCoeus903","Y","C041EF5965CA6B48E040DC0A1F8A15A8",1
"KCoeus1437","KCoeus177","KCoeus904","Y","C041EF5965CB6B48E040DC0A1F8A15A8",1
"KCoeus1438","KCoeus177","KCoeus905","Y","C041EF5965CC6B48E040DC0A1F8A15A8",1
"KCoeus1439","KCoeus177","KCoeus906","Y","C041EF5965CD6B48E040DC0A1F8A15A8",1
"KCoeus1440","KCoeus177","KCoeus907","Y","C041EF5965CE6B48E040DC0A1F8A15A8",1
"KCoeus1441","KCoeus177","KCoeus910","Y","C041EF5965CF6B48E040DC0A1F8A15A8",1
"KCoeus1442","KCoeus177","KCoeus911","Y","C041EF5965D06B48E040DC0A1F8A15A8",1
"KCoeus1443","KCoeus177","KCoeus912","Y","C041EF5965D16B48E040DC0A1F8A15A8",1
"KCoeus1444","KCoeus177","KCoeus913","Y","C041EF5965D26B48E040DC0A1F8A15A8",1
"KCoeus1445","KCoeus177","KCoeus914","Y","C041EF5965D36B48E040DC0A1F8A15A8",1
"KCoeus1446","KCoeus177","KCoeus915","Y","C041EF5965D46B48E040DC0A1F8A15A8",1
"KCoeus1447","KCoeus177","KCoeus916","Y","C041EF5965D56B48E040DC0A1F8A15A8",1
"KCoeus1448","KCoeus177","KCoeus917","Y","C041EF5965D66B48E040DC0A1F8A15A8",1
"KCoeus1449","KCoeus177","KCoeus918","Y","C041EF5965D76B48E040DC0A1F8A15A8",1
"KCoeus1450","KCoeus177","KCoeus919","Y","C041EF5965D86B48E040DC0A1F8A15A8",1
"KCoeus1451","KCoeus177","KCoeus920","Y","C041EF5965D96B48E040DC0A1F8A15A8",1
"KCoeus1452","KCoeus177","KCoeus921","Y","C041EF5965DA6B48E040DC0A1F8A15A8",1
"KCoeus1453","KCoeus177","KCoeus922","Y","C041EF5965DB6B48E040DC0A1F8A15A8",1
"KCoeus1454","KCoeus177","KCoeus923","Y","C041EF5965DC6B48E040DC0A1F8A15A8",1
"KCoeus1455","KCoeus177","KCoeus924","Y","C041EF5965DD6B48E040DC0A1F8A15A8",1
"KCoeus1456","KCoeus177","KCoeus925","Y","C041EF5965DE6B48E040DC0A1F8A15A8",1
"KCoeus1457","KCoeus177","KCoeus926","Y","C041EF5965DF6B48E040DC0A1F8A15A8",1
"KCoeus1458","KCoeus177","KCoeus927","Y","C041EF5965E06B48E040DC0A1F8A15A8",1
"KCoeus1459","KCoeus177","KCoeus928","Y","C041EF5965E16B48E040DC0A1F8A15A8",1
"KCoeus1460","KCoeus177","KCoeus929","Y","C041EF5965E26B48E040DC0A1F8A15A8",1
"KCoeus1461","KCoeus177","KCoeus930","Y","C041EF5965E36B48E040DC0A1F8A15A8",1
"KCoeus1462","KCoeus177","KCoeus931","Y","C041EF5965E46B48E040DC0A1F8A15A8",1
"KCoeus1463","KCoeus177","KCoeus932","Y","C041EF5965E56B48E040DC0A1F8A15A8",1
"KCoeus1464","KCoeus177","KCoeus933","Y","C041EF5965E66B48E040DC0A1F8A15A8",1
"KCoeus1465","KCoeus177","KCoeus934","Y","C041EF5965E76B48E040DC0A1F8A15A8",1
"KCoeus1466","KCoeus177","KCoeus935","Y","C041EF5965E86B48E040DC0A1F8A15A8",1
"KCoeus1467","KCoeus177","KCoeus936","Y","C041EF5965E96B48E040DC0A1F8A15A8",1
"KCoeus1468","KCoeus177","KCoeus937","Y","C041EF5965EA6B48E040DC0A1F8A15A8",1
"KCoeus1469","KCoeus177","KCoeus938","Y","C041EF5965EB6B48E040DC0A1F8A15A8",1
"KCoeus1470","KCoeus177","KCoeus939","Y","C041EF5965EC6B48E040DC0A1F8A15A8",1
"KCoeus1471","KCoeus177","KCoeus940","Y","C041EF5965ED6B48E040DC0A1F8A15A8",1
"KCoeus1472","KCoeus177","KCoeus941","Y","C041EF5965EE6B48E040DC0A1F8A15A8",1
"KCoeus1473","KCoeus177","KCoeus942","Y","C041EF5965EF6B48E040DC0A1F8A15A8",1
"KCoeus1474","KCoeus177","KCoeus943","Y","C041EF5965F06B48E040DC0A1F8A15A8",1
"KCoeus1475","KCoeus177","KCoeus944","Y","C041EF5965F16B48E040DC0A1F8A15A8",1
"KCoeus1476","KCoeus177","KCoeus945","Y","C041EF5965F26B48E040DC0A1F8A15A8",1
"KCoeus1477","KCoeus177","KCoeus946","Y","C041EF5965F36B48E040DC0A1F8A15A8",1
"KCoeus1478","KCoeus177","KCoeus947","Y","C041EF5965F46B48E040DC0A1F8A15A8",1
"KCoeus1479","KCoeus177","KCoeus948","Y","C041EF5965F56B48E040DC0A1F8A15A8",1
"KCoeus1480","KCoeus177","KCoeus952","Y","C041EF5965F66B48E040DC0A1F8A15A8",1
"KCoeus1481","KCoeus177","KCoeus957","Y","C041EF5965F76B48E040DC0A1F8A15A8",1
"KCoeus1482","KCoeus177","KCoeus958","Y","C041EF5965F86B48E040DC0A1F8A15A8",1
"KCoeus1483","KCoeus177","KCoeus959","Y","C041EF5965F96B48E040DC0A1F8A15A8",1
"KCoeus1484","KCoeus177","KCoeus960","Y","C041EF5965FA6B48E040DC0A1F8A15A8",1
"KCoeus1485","KCoeus177","KCoeus961","Y","C041EF5965FB6B48E040DC0A1F8A15A8",1
"KCoeus1486","KCoeus177","KCoeus962","Y","C041EF5965FC6B48E040DC0A1F8A15A8",1
"KCoeus1487","KCoeus177","KCoeus963","Y","C041EF5965FD6B48E040DC0A1F8A15A8",1
"KCoeus1488","KCoeus177","KCoeus964","Y","C041EF5965FE6B48E040DC0A1F8A15A8",1
"KCoeus1489","KCoeus177","KCoeus965","Y","C041EF5965FF6B48E040DC0A1F8A15A8",1
"KCoeus1490","KCoeus177","KCoeus966","Y","C041EF5966006B48E040DC0A1F8A15A8",1
"KCoeus1491","KCoeus177","KCoeus967","Y","C041EF5966016B48E040DC0A1F8A15A8",1
"KCoeus1492","KCoeus177","KCoeus968","Y","C041EF5966026B48E040DC0A1F8A15A8",1
"KCoeus1493","KCoeus177","KCoeus969","Y","C041EF5966036B48E040DC0A1F8A15A8",1
"KCoeus1494","KCoeus177","KCoeus970","Y","C041EF5966046B48E040DC0A1F8A15A8",1
"KCoeus1495","KCoeus177","KCoeus971","Y","C041EF5966056B48E040DC0A1F8A15A8",1
"KCoeus1496","KCoeus177","KCoeus972","Y","C041EF5966066B48E040DC0A1F8A15A8",1
"KCoeus1497","KCoeus177","KCoeus973","Y","C041EF5966076B48E040DC0A1F8A15A8",1
"KCoeus1498","KCoeus177","KCoeus974","Y","C041EF5966086B48E040DC0A1F8A15A8",1
"KCoeus1499","KCoeus177","KCoeus975","Y","C041EF5966096B48E040DC0A1F8A15A8",1
"KCoeus1500","KCoeus177","KCoeus976","Y","C041EF59660A6B48E040DC0A1F8A15A8",1
"KCoeus1501","KCoeus177","KCoeus977","Y","C041EF59660B6B48E040DC0A1F8A15A8",1
"KCoeus1502","KCoeus177","KCoeus978","Y","C041EF59660C6B48E040DC0A1F8A15A8",1
"KCoeus1503","KCoeus177","KCoeus979","Y","C041EF59660D6B48E040DC0A1F8A15A8",1
"KCoeus1504","KCoeus177","KCoeus980","Y","C041EF59660E6B48E040DC0A1F8A15A8",1
"KCoeus1505","KCoeus177","KCoeus981","Y","C041EF59660F6B48E040DC0A1F8A15A8",1
"KCoeus1506","KCoeus177","KCoeus982","Y","C041EF5966106B48E040DC0A1F8A15A8",1
"KCoeus1507","KCoeus177","KCoeus983","Y","C041EF5966116B48E040DC0A1F8A15A8",1
"KCoeus1508","KCoeus177","KCoeus984","Y","C041EF5966126B48E040DC0A1F8A15A8",1
"KCoeus1509","KCoeus177","KCoeus985","Y","C041EF5966136B48E040DC0A1F8A15A8",1
"KCoeus1510","KCoeus177","KCoeus986","Y","C041EF5966146B48E040DC0A1F8A15A8",1
"KCoeus1511","KCoeus177","KCoeus987","Y","C041EF5966156B48E040DC0A1F8A15A8",1
"KCoeus1512","KCoeus177","KCoeus988","Y","C041EF5966166B48E040DC0A1F8A15A8",1
"KCoeus1513","KCoeus177","KCoeus989","Y","C041EF5966176B48E040DC0A1F8A15A8",1
"KCoeus1514","KCoeus177","KCoeus990","Y","C041EF5966186B48E040DC0A1F8A15A8",1
"KCoeus1515","KCoeus177","KCoeus991","Y","C041EF5966196B48E040DC0A1F8A15A8",1
"KCoeus1516","KCoeus177","KCoeus992","Y","C041EF59661A6B48E040DC0A1F8A15A8",1
"KCoeus1517","KCoeus177","KCoeus993","Y","C041EF59661B6B48E040DC0A1F8A15A8",1
"KCoeus1518","KCoeus177","KCoeus994","Y","C041EF59661C6B48E040DC0A1F8A15A8",1
"KCoeus1519","KCoeus177","KCoeus995","Y","C041EF59661D6B48E040DC0A1F8A15A8",1
"KCoeus1522","KCoeus177","KCoeus998","Y","C041EF5966206B48E040DC0A1F8A15A8",1
"KCoeus1523","KCoeus177","KCoeus999","Y","C041EF5966216B48E040DC0A1F8A15A8",1
"KCoeus1524","KCoeus177","KCoeus1000","Y","C041EF5966226B48E040DC0A1F8A15A8",1
"KCoeus1525","KCoeus177","KCoeus1001","Y","C041EF5966236B48E040DC0A1F8A15A8",1
"KCoeus1526","KCoeus177","KCoeus1002","Y","C041EF5966246B48E040DC0A1F8A15A8",1
"KCoeus1527","KCoeus177","KCoeus1003","Y","C041EF5966256B48E040DC0A1F8A15A8",1
"KCoeus1528","KCoeus177","KCoeus1004","Y","C041EF5966266B48E040DC0A1F8A15A8",1
"KCoeus1529","KCoeus177","KCoeus1005","Y","C041EF5966276B48E040DC0A1F8A15A8",1
"KCoeus1530","KCoeus177","KCoeus1006","Y","C041EF5966286B48E040DC0A1F8A15A8",1
"KCoeus1531","KCoeus177","KCoeus1007","Y","C041EF5966296B48E040DC0A1F8A15A8",1
"KCoeus1532","KCoeus177","KCoeus842","Y","C041EF59662A6B48E040DC0A1F8A15A8",1
"KCoeus1533","KCoeus177","KCoeus843","Y","C041EF59662B6B48E040DC0A1F8A15A8",1
"KCoeus1534","KCoeus177","KCoeus844","Y","C041EF59662C6B48E040DC0A1F8A15A8",1
"KCoeus1535","KCoeus177","KCoeus845","Y","C041EF59662D6B48E040DC0A1F8A15A8",1
"KCoeus1536","KCoeus177","KCoeus846","Y","C041EF59662E6B48E040DC0A1F8A15A8",1
"KCoeus1537","KCoeus177","KCoeus847","Y","C041EF59662F6B48E040DC0A1F8A15A8",1
"KCoeus1538","KCoeus177","KCoeus848","Y","C041EF5966306B48E040DC0A1F8A15A8",1
"KCoeus1539","KCoeus177","KCoeus849","Y","C041EF5966316B48E040DC0A1F8A15A8",1
"KCoeus1540","KCoeus177","KCoeus850","Y","C041EF5966326B48E040DC0A1F8A15A8",1
"KCoeus1541","KCoeus177","KCoeus851","Y","C041EF5966336B48E040DC0A1F8A15A8",1
"KCoeus1542","KCoeus177","KCoeus852","Y","C041EF5966346B48E040DC0A1F8A15A8",1
"KCoeus1543","KCoeus177","KCoeus853","Y","C041EF5966356B48E040DC0A1F8A15A8",1
"KCoeus1544","KCoeus177","KCoeus854","Y","C041EF5966366B48E040DC0A1F8A15A8",1
"KCoeus1545","KCoeus177","KCoeus855","Y","C041EF5966376B48E040DC0A1F8A15A8",1
"KCoeus1546","KCoeus177","KCoeus856","Y","C041EF5966386B48E040DC0A1F8A15A8",1
"KCoeus1547","KCoeus177","KCoeus857","Y","C041EF5966396B48E040DC0A1F8A15A8",1
"KCoeus1548","KCoeus177","KCoeus858","Y","C041EF59663A6B48E040DC0A1F8A15A8",1
"KCoeus1549","KCoeus177","KCoeus859","Y","C041EF59663B6B48E040DC0A1F8A15A8",1
"KCoeus1550","KCoeus177","KCoeus860","Y","C041EF59663C6B48E040DC0A1F8A15A8",1
"KCoeus1551","KCoeus177","KCoeus861","Y","C041EF59663D6B48E040DC0A1F8A15A8",1
"KCoeus1552","KCoeus177","KCoeus862","Y","C041EF59663E6B48E040DC0A1F8A15A8",1
"KCoeus1553","KCoeus177","KCoeus863","Y","C041EF59663F6B48E040DC0A1F8A15A8",1
"KCoeus1554","KCoeus177","KCoeus864","Y","C041EF5966406B48E040DC0A1F8A15A8",1
"KCoeus1555","KCoeus177","KCoeus865","Y","C041EF5966416B48E040DC0A1F8A15A8",1
"KCoeus1556","KCoeus177","KCoeus866","Y","C041EF5966426B48E040DC0A1F8A15A8",1
"KCoeus1557","KCoeus177","KCoeus867","Y","C041EF5966436B48E040DC0A1F8A15A8",1
"KCoeus1558","KCoeus177","KCoeus868","Y","C041EF5966446B48E040DC0A1F8A15A8",1
"KCoeus1559","KCoeus177","KCoeus869","Y","C041EF5966456B48E040DC0A1F8A15A8",1
"KCoeus1560","KCoeus177","KCoeus870","Y","C041EF5966466B48E040DC0A1F8A15A8",1
"KCoeus1561","KCoeus177","KCoeus871","Y","C041EF5966476B48E040DC0A1F8A15A8",1
"KCoeus1562","KCoeus177","KCoeus872","Y","C041EF5966486B48E040DC0A1F8A15A8",1
"KCoeus1563","KCoeus177","KCoeus873","Y","C041EF5966496B48E040DC0A1F8A15A8",1
"KCoeus1564","KCoeus177","KCoeus874","Y","C041EF59664A6B48E040DC0A1F8A15A8",1
"KCoeus1565","KCoeus177","KCoeus875","Y","C041EF59664B6B48E040DC0A1F8A15A8",1
"KCoeus1566","KCoeus177","KCoeus876","Y","C041EF59664C6B48E040DC0A1F8A15A8",1
"KCoeus1567","KCoeus177","KCoeus877","Y","C041EF59664D6B48E040DC0A1F8A15A8",1
"KCoeus1568","KCoeus177","KCoeus878","Y","C041EF59664E6B48E040DC0A1F8A15A8",1
"KCoeus1569","KCoeus177","KCoeus879","Y","C041EF59664F6B48E040DC0A1F8A15A8",1
"KCoeus1570","KCoeus177","KCoeus880","Y","C041EF5966506B48E040DC0A1F8A15A8",1
"KCoeus1571","KCoeus177","KCoeus881","Y","C041EF5966516B48E040DC0A1F8A15A8",1
"KCoeus1572","KCoeus177","KCoeus882","Y","C041EF5966526B48E040DC0A1F8A15A8",1
"KCoeus1573","KCoeus177","KCoeus883","Y","C041EF5966536B48E040DC0A1F8A15A8",1
"KCoeus1574","KCoeus177","KCoeus884","Y","C041EF5966546B48E040DC0A1F8A15A8",1
"KCoeus1580","KCoeus1420","KCoeus1013","Y","C041EF5967926B48E040DC0A1F8A15A8",1
"KCoeus1581","KCoeus163","KCoeus1014","Y","C041EF5967956B48E040DC0A1F8A15A8",1
"KCoeus1582","KCoeus163","KCoeus1015","Y","C041EF5967976B48E040DC0A1F8A15A8",1
"KCoeus1583","KCoeus177","KCoeus1015","Y","C041EF5967986B48E040DC0A1F8A15A8",1
"KCoeus1584","KCoeus163","KCoeus983","Y","C041EF5967A16B48E040DC0A1F8A15A8",1
"KCoeus1585","KCoeus177","KCoeus983","Y","C041EF5967A26B48E040DC0A1F8A15A8",1
"KCoeus1586","KCoeus163","KCoeus1016","Y","C041EF5967A46B48E040DC0A1F8A15A8",1
"KCoeus1587","KCoeus1421","KCoeus1017","Y","C041EF5967AD6B48E040DC0A1F8A15A8",1
"KCoeus1588","KCoeus1422","KCoeus1018","Y","C041EF5967B26B48E040DC0A1F8A15A8",1
"KCoeus1589","KCoeus1422","KCoeus1019","Y","C041EF5967B66B48E040DC0A1F8A15A8",1
"KCoeus1590","KCoeus1422","KCoeus1020","Y","C041EF5967B96B48E040DC0A1F8A15A8",1
"KCoeus1591","KCoeus1422","KCoeus1021","Y","C041EF5967BD6B48E040DC0A1F8A15A8",1
"KCoeus1592","KCoeus1422","KCoeus1022","Y","C041EF5967C16B48E040DC0A1F8A15A8",1
"KCoeus1593","KCoeus1422","KCoeus1023","Y","C041EF5967C56B48E040DC0A1F8A15A8",1
"KCoeus1594","KCoeus1422","KCoeus1024","Y","C041EF5967C96B48E040DC0A1F8A15A8",1
"KCoeus1595","KCoeus1422","KCoeus1025","Y","C041EF5967CC6B48E040DC0A1F8A15A8",1
"KCoeus1596","KCoeus1423","KCoeus1025","Y","C041EF5967CE6B48E040DC0A1F8A15A8",1
"KCoeus1597","KCoeus1424","KCoeus1023","Y","C041EF5967D06B48E040DC0A1F8A15A8",1
"KCoeus1598","KCoeus1425","KCoeus1026","Y","C041EF5967E46B48E040DC0A1F8A15A8",1
"KCoeus1599","KCoeus1425","KCoeus1027","Y","C041EF5967E76B48E040DC0A1F8A15A8",1
"KCoeus1601","KCoeus1428","KCoeus1028","Y","C041EF59682A6B48E040DC0A1F8A15A8",1
"KCoeus1602","KCoeus1428","KCoeus1029","Y","C041EF59682D6B48E040DC0A1F8A15A8",1
"KCoeus1603","KCoeus1428","KCoeus1030","Y","C041EF5968306B48E040DC0A1F8A15A8",1
"KCoeus1609","KCoeus110","KCoeus1031","N","C041EF5968496B48E040DC0A1F8A15A8",1
"KCoeus1610","KCoeus108","KCoeus1031","N","C041EF59684A6B48E040DC0A1F8A15A8",1
"KCoeus1611","KCoeus1430","KCoeus1031","N","C041EF59684B6B48E040DC0A1F8A15A8",1
"KCoeus1612","KCoeus110","KCoeus1032","N","C041EF59684C6B48E040DC0A1F8A15A8",1
"KCoeus1613","KCoeus108","KCoeus1032","N","C041EF59684D6B48E040DC0A1F8A15A8",1
"KCoeus1614","KCoeus1429","KCoeus1032","N","C041EF59684E6B48E040DC0A1F8A15A8",1
"KCoeus1615","KCoeus1431","KCoeus1033","Y","C041EF59687A6B48E040DC0A1F8A15A8",1
"KCoeus1616","KCoeus1431","KCoeus1034","Y","C041EF59687B6B48E040DC0A1F8A15A8",1
"KCoeus1617","KCoeus1431","KCoeus1035","Y","C041EF59687C6B48E040DC0A1F8A15A8",1
"KCoeus1618","KCoeus1432","KCoeus1036","Y","C041EF5968836B48E040DC0A1F8A15A8",1
"KCoeus1619","KCoeus1432","KCoeus1037","Y","C041EF5968866B48E040DC0A1F8A15A8",1
"KCoeus1620","KCoeus1433","KCoeus1038","Y","C041EF59688A6B48E040DC0A1F8A15A8",1
"KCoeus1621","KCoeus1434","KCoeus1038","Y","C041EF59688C6B48E040DC0A1F8A15A8",1
"KCoeus1622","KCoeus1434","KCoeus1039","Y","C041EF59688F6B48E040DC0A1F8A15A8",1
"KCoeus1623","KCoeus1434","KCoeus1040","Y","C041EF5968926B48E040DC0A1F8A15A8",1
"KCoeus1624","KCoeus1435","KCoeus1041","Y","C041EF5968966B48E040DC0A1F8A15A8",1
"KCoeus1625","KCoeus1435","KCoeus1042","Y","C041EF5968996B48E040DC0A1F8A15A8",1
"KCoeus1626","KCoeus1435","KCoeus1043","Y","C041EF59689C6B48E040DC0A1F8A15A8",1
"KCoeus1627","KCoeus1435","KCoeus1038","Y","C041EF59689D6B48E040DC0A1F8A15A8",1
"KCoeus1628","KCoeus1435","KCoeus1039","Y","C041EF59689E6B48E040DC0A1F8A15A8",1
"KCoeus1629","KCoeus1435","KCoeus1040","Y","C041EF59689F6B48E040DC0A1F8A15A8",1
"KCoeus1630","KCoeus126","KCoeus924","Y","C041EF5968A06B48E040DC0A1F8A15A8",1
"KCoeus1631","KCoeus126","KCoeus924","Y","C041EF5968A16B48E040DC0A1F8A15A8",1
"KCoeus1632","KCoeus123","KCoeus972","Y","C041EF5968A26B48E040DC0A1F8A15A8",1
"KCoeus1633","KCoeus123","KCoeus970","Y","C041EF5968A36B48E040DC0A1F8A15A8",1
"KCoeus1634","KCoeus126","KCoeus860","Y","C041EF5968A46B48E040DC0A1F8A15A8",1
"KCoeus1635","KCoeus1419","KCoeus1015","Y","C041EF5968A66B48E040DC0A1F8A15A8",1
"KCoeus1636","KCoeus1419","KCoeus986","Y","C041EF5968A76B48E040DC0A1F8A15A8",1
"KCoeus1637","KCoeus1419","KCoeus985","Y","C041EF5968A86B48E040DC0A1F8A15A8",1
"KCoeus1638","KCoeus1419","KCoeus991","Y","C041EF5968A96B48E040DC0A1F8A15A8",1
"KCoeus1639","KCoeus177","KCoeus1013","Y","C041EF5968B36B48E040DC0A1F8A15A8",1
"KCoeus1640","KCoeus177","KCoeus1014","Y","C041EF5968B46B48E040DC0A1F8A15A8",1
"KCoeus1641","KCoeus177","KCoeus1016","Y","C041EF5968B56B48E040DC0A1F8A15A8",1
"KCoeus1642","KCoeus177","KCoeus1017","Y","C041EF5968B66B48E040DC0A1F8A15A8",1
"KCoeus1643","KCoeus177","KCoeus1018","Y","C041EF5968B76B48E040DC0A1F8A15A8",1
"KCoeus1644","KCoeus177","KCoeus1019","Y","C041EF5968B86B48E040DC0A1F8A15A8",1
"KCoeus1645","KCoeus177","KCoeus1020","Y","C041EF5968B96B48E040DC0A1F8A15A8",1
"KCoeus1646","KCoeus177","KCoeus1021","Y","C041EF5968BA6B48E040DC0A1F8A15A8",1
"KCoeus1647","KCoeus177","KCoeus1022","Y","C041EF5968BB6B48E040DC0A1F8A15A8",1
"KCoeus1648","KCoeus177","KCoeus1023","Y","C041EF5968BC6B48E040DC0A1F8A15A8",1
"KCoeus1649","KCoeus177","KCoeus1024","Y","C041EF5968BD6B48E040DC0A1F8A15A8",1
"KCoeus1650","KCoeus177","KCoeus1025","Y","C041EF5968BE6B48E040DC0A1F8A15A8",1
"KCoeus1651","KCoeus177","KCoeus1026","Y","C041EF5968BF6B48E040DC0A1F8A15A8",1
"KCoeus1652","KCoeus177","KCoeus1027","Y","C041EF5968C06B48E040DC0A1F8A15A8",1
"KCoeus1653","KCoeus177","KCoeus1028","Y","C041EF5968C16B48E040DC0A1F8A15A8",1
"KCoeus1654","KCoeus177","KCoeus1029","Y","C041EF5968C26B48E040DC0A1F8A15A8",1
"KCoeus1655","KCoeus177","KCoeus1030","Y","C041EF5968C36B48E040DC0A1F8A15A8",1
"KCoeus1656","KCoeus177","KCoeus1031","N","C041EF5968C46B48E040DC0A1F8A15A8",1
"KCoeus1657","KCoeus177","KCoeus1032","N","C041EF5968C56B48E040DC0A1F8A15A8",1
"KCoeus1658","KCoeus177","KCoeus1033","Y","C041EF5968C66B48E040DC0A1F8A15A8",1
"KCoeus1659","KCoeus177","KCoeus1034","Y","C041EF5968C76B48E040DC0A1F8A15A8",1
"KCoeus1660","KCoeus177","KCoeus1035","Y","C041EF5968C86B48E040DC0A1F8A15A8",1
"KCoeus1661","KCoeus177","KCoeus1036","Y","C041EF5968C96B48E040DC0A1F8A15A8",1
"KCoeus1662","KCoeus177","KCoeus1037","Y","C041EF5968CA6B48E040DC0A1F8A15A8",1
"KCoeus1663","KCoeus177","KCoeus1038","Y","C041EF5968CB6B48E040DC0A1F8A15A8",1
"KCoeus1664","KCoeus177","KCoeus1039","Y","C041EF5968CC6B48E040DC0A1F8A15A8",1
"KCoeus1665","KCoeus177","KCoeus1040","Y","C041EF5968CD6B48E040DC0A1F8A15A8",1
"KCoeus1666","KCoeus177","KCoeus1041","Y","C041EF5968CE6B48E040DC0A1F8A15A8",1
"KCoeus1667","KCoeus177","KCoeus1042","Y","C041EF5968CF6B48E040DC0A1F8A15A8",1
"KCoeus1668","KCoeus177","KCoeus1043","Y","C041EF5968D06B48E040DC0A1F8A15A8",1
"KCoeus1673","KCoeus1610","KCoeus1021","Y","EAAE523DB58CA6E9E040DC0A1F8A0F5D",1
"KCoeus1674","KCoeus1610","KCoeus1020","Y","EAAE523DB58DA6E9E040DC0A1F8A0F5D",1
"KCoeus1675","KCoeus1610","KCoeus1017","Y","EAAE523DB58EA6E9E040DC0A1F8A0F5D",1
"KCoeus1676","KCoeus1610","KCoeus1024","Y","EAAE523DB58FA6E9E040DC0A1F8A0F5D",1
"KCoeus1677","KCoeus1424","KCoeus1023","Y","EAAE523DB591A6E9E040DC0A1F8A0F5D",1
"KCoeus1678","KCoeus1610","KCoeus1023","Y","EAAE523DB592A6E9E040DC0A1F8A0F5D",1
"KCoeus1679","KCoeus1610","KCoeus1046","Y","EAAE523DB5A1A6E9E040DC0A1F8A0F5D",1
"KCoeus1680","KCoeus1610","KCoeus1047","Y","EAAE523DB5A2A6E9E040DC0A1F8A0F5D",1
"KCoeus1681","KCoeus1610","KCoeus1048","Y","EAAE523DB5A3A6E9E040DC0A1F8A0F5D",1
"KCoeus1682","KCoeus1615","KCoeus1049","Y","EAAE523DB5A6A6E9E040DC0A1F8A0F5D",1
"KCoeus1683","KCoeus1615","KCoeus1050","Y","EAAE523DB5A8A6E9E040DC0A1F8A0F5D",1
"KCoeus1684","KCoeus1615","KCoeus1051","Y","EAAE523DB5AAA6E9E040DC0A1F8A0F5D",1
"KCoeus1685","KCoeus1615","KCoeus1052","Y","EAAE523DB5ACA6E9E040DC0A1F8A0F5D",1
"KCoeus1686","KCoeus1615","KCoeus1053","Y","EAAE523DB5AEA6E9E040DC0A1F8A0F5D",1
"KCoeus1687","KCoeus1615","KCoeus1054","Y","EAAE523DB5B0A6E9E040DC0A1F8A0F5D",1
"KCoeus1688","KCoeus1615","KCoeus1055","Y","EAAE523DB5B2A6E9E040DC0A1F8A0F5D",1
"KCoeus1689","KCoeus1615","KCoeus1056","Y","EAAE523DB5B4A6E9E040DC0A1F8A0F5D",1
"KCoeus1690","KCoeus1615","KCoeus1057","Y","EAAE523DB5B6A6E9E040DC0A1F8A0F5D",1
"KCoeus1691","KCoeus1615","KCoeus1058","Y","EAAE523DB5B8A6E9E040DC0A1F8A0F5D",1
"KCoeus1692","KCoeus1615","KCoeus1059","Y","EAAE523DB5BAA6E9E040DC0A1F8A0F5D",1
"KCoeus1693","KCoeus1615","KCoeus1060","Y","EAAE523DB5BDA6E9E040DC0A1F8A0F5D",1
"KCoeus1694","KCoeus1610","KCoeus1060","Y","EAAE523DB5BEA6E9E040DC0A1F8A0F5D",1
"KCoeus1695","KCoeus1616","KCoeus1061","Y","EAAE523DB5C1A6E9E040DC0A1F8A0F5D",1
"KCoeus1696","KCoeus1617","KCoeus1063","Y","EAAE523DB5C7A6E9E040DC0A1F8A0F5D",1
"KCoeus1697","KCoeus1422","KCoeus1063","Y","EAAE523DB5C8A6E9E040DC0A1F8A0F5D",1
"KCoeus1698","KCoeus1610","KCoeus1063","Y","EAAE523DB5C9A6E9E040DC0A1F8A0F5D",1
"KCoeus1722","KCoeus125","KCoeus1070","Y","EAAE523DB619A6E9E040DC0A1F8A0F5D",1
"KCoeus1723","KCoeus125","KCoeus1071","Y","EAAE523DB61AA6E9E040DC0A1F8A0F5D",1
"KCoeus1724","KCoeus125","KCoeus1072","Y","EAAE523DB61BA6E9E040DC0A1F8A0F5D",1
"KCoeus1725","KCoeus125","KCoeus1073","Y","EAAE523DB61CA6E9E040DC0A1F8A0F5D",1
"KCoeus1726","KCoeus125","KCoeus1074","Y","EAAE523DB61DA6E9E040DC0A1F8A0F5D",1
"KCoeus1727","KCoeus125","KCoeus1075","Y","EAAE523DB61EA6E9E040DC0A1F8A0F5D",1
"KCoeus1728","KCoeus125","KCoeus1076","Y","EAAE523DB61FA6E9E040DC0A1F8A0F5D",1
"KCoeus1729","KCoeus125","KCoeus1077","Y","EAAE523DB620A6E9E040DC0A1F8A0F5D",1
"KCoeus1730","KCoeus125","KCoeus1078","Y","EAAE523DB621A6E9E040DC0A1F8A0F5D",1
"KCoeus1731","KCoeus125","KCoeus1079","Y","EAAE523DB622A6E9E040DC0A1F8A0F5D",1
"KCoeus1732","KCoeus125","KCoeus1080","Y","EAAE523DB623A6E9E040DC0A1F8A0F5D",1
"KCoeus1733","KCoeus125","KCoeus1081","Y","EAAE523DB624A6E9E040DC0A1F8A0F5D",1
"KCoeus1734","KCoeus125","KCoeus1082","Y","EAAE523DB625A6E9E040DC0A1F8A0F5D",1
"KCoeus1735","KCoeus125","KCoeus1083","Y","EAAE523DB626A6E9E040DC0A1F8A0F5D",1
"KCoeus1736","KCoeus125","KCoeus1084","Y","EAAE523DB627A6E9E040DC0A1F8A0F5D",1
"KCoeus1737","KCoeus125","KCoeus1085","Y","EAAE523DB628A6E9E040DC0A1F8A0F5D",1
"KCoeus1738","KCoeus125","KCoeus1086","Y","EAAE523DB629A6E9E040DC0A1F8A0F5D",1
"KCoeus1739","KCoeus125","KCoeus1087","Y","EAAE523DB62AA6E9E040DC0A1F8A0F5D",1
"KCoeus1740","KCoeus125","KCoeus1088","Y","EAAE523DB62BA6E9E040DC0A1F8A0F5D",1
"KCoeus1741","KCoeus125","KCoeus1089","Y","EAAE523DB62CA6E9E040DC0A1F8A0F5D",1
"KCoeus1742","KCoeus125","KCoeus1090","Y","EAAE523DB62DA6E9E040DC0A1F8A0F5D",1
"KCoeus1743","KCoeus125","KCoeus1091","Y","EAAE523DB65FA6E9E040DC0A1F8A0F5D",1
"KCoeus1744","KCoeus98","KCoeus1091","Y","EAAE523DB660A6E9E040DC0A1F8A0F5D",1
"KCoeus1745","KCoeus128","KCoeus1092","Y","EAAE523DB662A6E9E040DC0A1F8A0F5D",1
"KCoeus1748","KCoeus1411","KCoeus1093","Y","EAAE523DB670A6E9E040DC0A1F8A0F5D",1
"KCoeus1749","KCoeus1411","KCoeus1094","Y","EAAE523DB673A6E9E040DC0A1F8A0F5D",1
"KCoeus1750","KCoeus1411","KCoeus1095","Y","EAAE523DB676A6E9E040DC0A1F8A0F5D",1
"KCoeus1752","KCoeus1434","KCoeus1096","Y","EAAE523DB685A6E9E040DC0A1F8A0F5D",1
"KCoeus1753","KCoeus1435","KCoeus1097","Y","EAAE523DB688A6E9E040DC0A1F8A0F5D",1
"KCoeus1754","KCoeus1435","KCoeus1096","Y","EAAE523DB689A6E9E040DC0A1F8A0F5D",1
"KCoeus1755","KCoeus1432","KCoeus1098","Y","EAAE523DB68CA6E9E040DC0A1F8A0F5D",1
"KCoeus1756","KCoeus1618","KCoeus904","Y","EAAE523DB68EA6E9E040DC0A1F8A0F5D",1
"KCoeus1757","KCoeus1433","KCoeus1039","Y","EAAE523DB68FA6E9E040DC0A1F8A0F5D",1
"KCoeus1758","KCoeus126","KCoeus918","Y","EAAE523DB690A6E9E040DC0A1F8A0F5D",1
"KCoeus1759","KCoeus126","KCoeus890","Y","EAAE523DB691A6E9E040DC0A1F8A0F5D",1
"KCoeus1760","KCoeus126","KCoeus917","Y","EAAE523DB692A6E9E040DC0A1F8A0F5D",1
"KCoeus1761","KCoeus126","KCoeus921","Y","EAAE523DB693A6E9E040DC0A1F8A0F5D",1
"KCoeus1762","KCoeus126","KCoeus922","Y","EAAE523DB694A6E9E040DC0A1F8A0F5D",1
"KCoeus1763","KCoeus1619","KCoeus891","Y","EAAE523DB6A3A6E9E040DC0A1F8A0F5D",1
"KCoeus1764","KCoeus1619","KCoeus915","Y","EAAE523DB6A4A6E9E040DC0A1F8A0F5D",1
"KCoeus1765","KCoeus1619","KCoeus1099","Y","EAAE523DB6A5A6E9E040DC0A1F8A0F5D",1
"KCoeus1767","KCoeus1619","KCoeus1099","Y","EAAE523DB6A7A6E9E040DC0A1F8A0F5D",1
"KCoeus1768","KCoeus177","KCoeus1099","Y","EAAE523DB6A8A6E9E040DC0A1F8A0F5D",1
"KCoeus1769","KCoeus1610","KCoeus1064","Y","EAAE523DB6A9A6E9E040DC0A1F8A0F5D",1
"KCoeus1770","KCoeus1611","KCoeus1065","Y","EAAE523DB6AAA6E9E040DC0A1F8A0F5D",1
"KCoeus1771","KCoeus1610","KCoeus1100","Y","EAAE523DB6ACA6E9E040DC0A1F8A0F5D",1
"KCoeus1772","KCoeus1610","KCoeus1101","Y","EAAE523DB6AEA6E9E040DC0A1F8A0F5D",1
"KCoeus1773","KCoeus1610","KCoeus1102","Y","EAAE523DB6B0A6E9E040DC0A1F8A0F5D",1
"KCoeus1774","KCoeus1610","KCoeus1103","Y","EAAE523DB6B2A6E9E040DC0A1F8A0F5D",1
"KCoeus1775","KCoeus177","KCoeus1103","Y","EAAE523DB6B3A6E9E040DC0A1F8A0F5D",1
"KCoeus1776","KCoeus1610","KCoeus1104","Y","EAAE523DB6B6A6E9E040DC0A1F8A0F5D",1
"KCoeus1777","KCoeus1620","KCoeus891","Y","EAAE523DB6B8A6E9E040DC0A1F8A0F5D",1
"KCoeus1778","KCoeus1620","KCoeus915","Y","EAAE523DB6B9A6E9E040DC0A1F8A0F5D",1
"KCoeus1779","KCoeus1620","KCoeus1104","Y","EAAE523DB6BAA6E9E040DC0A1F8A0F5D",1
"KCoeus1781","KCoeus1620","KCoeus1104","Y","EAAE523DB6BCA6E9E040DC0A1F8A0F5D",1
"KCoeus1782","KCoeus177","KCoeus1104","Y","EAAE523DB6BDA6E9E040DC0A1F8A0F5D",1
"KCoeus1783","KCoeus1621","KCoeus1023","Y","EAAE523DB6D5A6E9E040DC0A1F8A0F5D",1
"KCoeus1784","KCoeus1621","KCoeus1101","Y","EAAE523DB6D6A6E9E040DC0A1F8A0F5D",1
"KCoeus1785","KCoeus1621","KCoeus1100","Y","EAAE523DB6D7A6E9E040DC0A1F8A0F5D",1
"KCoeus1786","KCoeus1624","KCoeus1023","Y","EAAE523DB6DCA6E9E040DC0A1F8A0F5D",1
"KCoeus1789","KCoeus164","KCoeus986","Y","EAAE523DB6F4A6E9E040DC0A1F8A0F5D",1
"KCoeus1790","KCoeus164","KCoeus985","Y","EAAE523DB6F5A6E9E040DC0A1F8A0F5D",1
"KCoeus1791","KCoeus1610","KCoeus1107","Y","EAAE523DB6F9A6E9E040DC0A1F8A0F5D",1
"KCoeus1792","KCoeus177","KCoeus1107","Y","EAAE523DB6FAA6E9E040DC0A1F8A0F5D",1
"KCoeus1793","KCoeus1610","KCoeus1108","Y","EAAE523DB6FCA6E9E040DC0A1F8A0F5D",1
"KCoeus1794","KCoeus177","KCoeus1108","Y","EAAE523DB6FDA6E9E040DC0A1F8A0F5D",1
"KCoeus1795","KCoeus1610","KCoeus1109","Y","EAAE523DB702A6E9E040DC0A1F8A0F5D",1
"KCoeus1796","KCoeus177","KCoeus1109","Y","EAAE523DB703A6E9E040DC0A1F8A0F5D",1
"KCoeus1797","KCoeus1610","KCoeus1110","Y","EAAE523DB70AA6E9E040DC0A1F8A0F5D",1
"KCoeus1798","KCoeus177","KCoeus1110","Y","EAAE523DB70BA6E9E040DC0A1F8A0F5D",1
"KCoeus1799","KCoeus1610","KCoeus1111","Y","EAAE523DB714A6E9E040DC0A1F8A0F5D",1
"KCoeus1800","KCoeus1612","KCoeus1046","Y","EAAE523DB715A6E9E040DC0A1F8A0F5D",1
"KCoeus1801","KCoeus1611","KCoeus1046","Y","EAAE523DB716A6E9E040DC0A1F8A0F5D",1
"KCoeus1802","KCoeus1613","KCoeus1112","Y","EAAE523DB71AA6E9E040DC0A1F8A0F5D",1
"KCoeus1803","KCoeus1611","KCoeus1112","Y","EAAE523DB71BA6E9E040DC0A1F8A0F5D",1
"KCoeus1804","KCoeus1610","KCoeus1112","Y","EAAE523DB71CA6E9E040DC0A1F8A0F5D",1
"KCoeus1805","KCoeus1610","KCoeus1113","Y","EAAE523DB720A6E9E040DC0A1F8A0F5D",1
"KCoeus1806","KCoeus1610","KCoeus1114","Y","EAAE523DB725A6E9E040DC0A1F8A0F5D",1
"KCoeus1807","KCoeus1611","KCoeus1115","Y","EAAE523DB726A6E9E040DC0A1F8A0F5D",1
"KCoeus1808","KCoeus1422","KCoeus1110","Y","EAAE523DB727A6E9E040DC0A1F8A0F5D",1
"KCoeus1809","KCoeus115","KCoeus1116","Y","EAAE523DB732A6E9E040DC0A1F8A0F5D",1
"KCoeus1810","KCoeus114","KCoeus1116","Y","EAAE523DB733A6E9E040DC0A1F8A0F5D",1
"KCoeus1811","KCoeus113","KCoeus1116","Y","EAAE523DB734A6E9E040DC0A1F8A0F5D",1
"KCoeus1812","KCoeus112","KCoeus1116","Y","EAAE523DB735A6E9E040DC0A1F8A0F5D",1
"KCoeus1813","KCoeus102","KCoeus1116","Y","EAAE523DB736A6E9E040DC0A1F8A0F5D",1
"KCoeus1814","KCoeus101","KCoeus1116","Y","EAAE523DB737A6E9E040DC0A1F8A0F5D",1
"KCoeus1815","KCoeus110","KCoeus1116","Y","EAAE523DB738A6E9E040DC0A1F8A0F5D",1
"KCoeus1816","KCoeus108","KCoeus1116","Y","EAAE523DB739A6E9E040DC0A1F8A0F5D",1
"KCoeus1817","KCoeus1430","KCoeus1116","Y","EAAE523DB73AA6E9E040DC0A1F8A0F5D",1
"KCoeus1818","KCoeus110","KCoeus1116","Y","EAAE523DB73BA6E9E040DC0A1F8A0F5D",1
"KCoeus1819","KCoeus108","KCoeus1116","Y","EAAE523DB73CA6E9E040DC0A1F8A0F5D",1
"KCoeus1820","KCoeus1429","KCoeus1116","Y","EAAE523DB73DA6E9E040DC0A1F8A0F5D",1
"KCoeus1821","KCoeus177","KCoeus1116","Y","EAAE523DB73EA6E9E040DC0A1F8A0F5D",1
"KCoeus1822","KCoeus177","KCoeus1116","Y","EAAE523DB73FA6E9E040DC0A1F8A0F5D",1
"KCoeus1823","KCoeus1410","KCoeus1095","Y","EAAE523DB740A6E9E040DC0A1F8A0F5D",1
"KCoeus1824","KCoeus1751","KCoeus1095","Y","EAAE523DB741A6E9E040DC0A1F8A0F5D",1
"KCoeus1825","KCoeus120","KCoeus1030","Y","EAAE523DB744A6E9E040DC0A1F8A0F5D",1
"KCoeus1826","KCoeus163","KCoeus1099","Y","EAAE523DB758A6E9E040DC0A1F8A0F5D",1
"KCoeus1827","KCoeus163","KCoeus891","Y","EAAE523DB759A6E9E040DC0A1F8A0F5D",1
"KCoeus1828","KCoeus163","KCoeus915","Y","EAAE523DB75AA6E9E040DC0A1F8A0F5D",1
"KCoeus1829","KCoeus1610","KCoeus891","Y","EAAE523DB75BA6E9E040DC0A1F8A0F5D",1
"KCoeus1830","KCoeus1610","KCoeus915","Y","EAAE523DB75CA6E9E040DC0A1F8A0F5D",1
"KCoeus1833","KCoeus1636","KCoeus986","Y","EAAE523DB76BA6E9E040DC0A1F8A0F5D",1
"KCoeus1834","KCoeus1636","KCoeus985","Y","EAAE523DB76CA6E9E040DC0A1F8A0F5D",1
"KCoeus1835","KCoeus1636","KCoeus993","Y","EAAE523DB76DA6E9E040DC0A1F8A0F5D",1
"KCoeus1836","KCoeus1636","KCoeus992","Y","EAAE523DB76EA6E9E040DC0A1F8A0F5D",1
"KCoeus1837","KCoeus1636","KCoeus991","Y","EAAE523DB76FA6E9E040DC0A1F8A0F5D",1
"KCoeus1838","KCoeus1636","KCoeus990","Y","EAAE523DB770A6E9E040DC0A1F8A0F5D",1
"KCoeus1839","KCoeus1636","KCoeus1016","Y","EAAE523DB771A6E9E040DC0A1F8A0F5D",1
"KCoeus1840","KCoeus1636","KCoeus983","Y","EAAE523DB772A6E9E040DC0A1F8A0F5D",1
"KCoeus1841","KCoeus1636","KCoeus1014","Y","EAAE523DB773A6E9E040DC0A1F8A0F5D",1
"KCoeus1842","KCoeus1637","KCoeus1119","Y","EAAE523DB798A6E9E040DC0A1F8A0F5D",1
"KCoeus1843","KCoeus1638","KCoeus1120","Y","EAAE523DB799A6E9E040DC0A1F8A0F5D",1
"KCoeus1844","KCoeus1639","KCoeus1121","Y","EAAE523DB79AA6E9E040DC0A1F8A0F5D",1
"KCoeus1845","KCoeus1640","KCoeus1122","Y","EAAE523DB79BA6E9E040DC0A1F8A0F5D",1
"KCoeus1846","KCoeus1641","KCoeus1123","Y","EAAE523DB79CA6E9E040DC0A1F8A0F5D",1
"KCoeus1847","KCoeus1642","KCoeus1124","Y","EAAE523DB79DA6E9E040DC0A1F8A0F5D",1
"KCoeus1848","KCoeus1643","KCoeus1125","Y","EAAE523DB79EA6E9E040DC0A1F8A0F5D",1
"KCoeus1849","KCoeus1644","KCoeus1126","Y","EAAE523DB79FA6E9E040DC0A1F8A0F5D",1
"KCoeus1850","KCoeus1645","KCoeus1127","Y","EAAE523DB7A0A6E9E040DC0A1F8A0F5D",1
"KCoeus1851","KCoeus1646","KCoeus1128","Y","EAAE523DB7A1A6E9E040DC0A1F8A0F5D",1
"KCoeus1852","KCoeus1647","KCoeus1129","Y","EAAE523DB7A2A6E9E040DC0A1F8A0F5D",1
"KCoeus1853","KCoeus1648","KCoeus1130","Y","EAAE523DB7A3A6E9E040DC0A1F8A0F5D",1
"KCoeus1854","KCoeus1649","KCoeus1131","Y","EAAE523DB7ADA6E9E040DC0A1F8A0F5D",1
"KCoeus1855","KCoeus1649","KCoeus1132","Y","EAAE523DB7B0A6E9E040DC0A1F8A0F5D",1
"KCoeus1856","KCoeus1649","KCoeus1133","Y","EAAE523DB7B3A6E9E040DC0A1F8A0F5D",1
"KCoeus1857","KCoeus1649","KCoeus1134","Y","EAAE523DB7B6A6E9E040DC0A1F8A0F5D",1
"KCoeus1858","KCoeus1649","KCoeus1135","Y","EAAE523DB7B9A6E9E040DC0A1F8A0F5D",1
"KCoeus1859","KCoeus1649","KCoeus1136","Y","EAAE523DB7BCA6E9E040DC0A1F8A0F5D",1
"KCoeus1860","KCoeus1649","KCoeus1137","Y","EAAE523DB7BFA6E9E040DC0A1F8A0F5D",1
"KCoeus1861","KCoeus1649","KCoeus1138","Y","EAAE523DB7C2A6E9E040DC0A1F8A0F5D",1
"KCoeus1862","KCoeus1649","KCoeus1139","Y","EAAE523DB7C5A6E9E040DC0A1F8A0F5D",1
"KCoeus1863","KCoeus1649","KCoeus1140","Y","EAAE523DB7C8A6E9E040DC0A1F8A0F5D",1
"KCoeus1864","KCoeus1649","KCoeus1141","Y","EAAE523DB7CBA6E9E040DC0A1F8A0F5D",1
"KCoeus1865","KCoeus1649","KCoeus1142","Y","EAAE523DB7CEA6E9E040DC0A1F8A0F5D",1
"KCoeus1866","KCoeus128","KCoeus1143","Y","EAAE523DB80DA6E9E040DC0A1F8A0F5D",1
"KCoeus1867","KCoeus163","KCoeus1145","Y","EAAE523DB80FA6E9E040DC0A1F8A0F5D",1
"KCoeus1868","KCoeus163","KCoeus1146","Y","EAAE523DB811A6E9E040DC0A1F8A0F5D",1
"KCoeus1869","KCoeus1419","KCoeus1014","Y","EAAE523DB815A6E9E040DC0A1F8A0F5D",1
"KCoeus1870","KCoeus1649","KCoeus1147","Y","EAAE523DB818A6E9E040DC0A1F8A0F5D",1
"KCoeus1871","KCoeus177","KCoeus1147","Y","EAAE523DB819A6E9E040DC0A1F8A0F5D",1
"KCoeus1872","KCoeus128","KCoeus1148","Y","EAAE523DB81CA6E9E040DC0A1F8A0F5D",1
"KCoeus1873","KCoeus1610","KCoeus1149","Y","EAAE523DB81EA6E9E040DC0A1F8A0F5D",1
"KCoeus1874","KCoeus128","KCoeus1150","Y","EAAE523DB837A6E9E040DC0A1F8A0F5D",1
"KCoeus1875","KCoeus1610","KCoeus1151","Y","EAAE523DB839A6E9E040DC0A1F8A0F5D",1
"KCoeus1876","KCoeus128","KCoeus1152","Y","EAAE523DB83DA6E9E040DC0A1F8A0F5D",1
"KCoeus1877","KCoeus1610","KCoeus1153","Y","EAAE523DB841A6E9E040DC0A1F8A0F5D",1
"KCoeus1878","KCoeus128","KCoeus1154","Y","EAAE523DB845A6E9E040DC0A1F8A0F5D",1
"KCoeus1879","KCoeus1610","KCoeus1155","Y","EAAE523DB849A6E9E040DC0A1F8A0F5D",1
"KCoeus1880","KCoeus128","KCoeus1156","Y","EAAE523DB84DA6E9E040DC0A1F8A0F5D",1
"KCoeus1881","KCoeus1610","KCoeus1157","Y","EAAE523DB851A6E9E040DC0A1F8A0F5D",1
"KCoeusKC1004","KCoeus177","KCoeus1046","Y","EAAE523DB855A6E9E040DC0A1F8A0F5D",1
"KCoeusKC1005","KCoeus177","KCoeus1047","Y","EAAE523DB856A6E9E040DC0A1F8A0F5D",1
"KCoeusKC1006","KCoeus177","KCoeus1048","Y","EAAE523DB857A6E9E040DC0A1F8A0F5D",1
"KCoeusKC1007","KCoeus177","KCoeus1049","Y","EAAE523DB858A6E9E040DC0A1F8A0F5D",1
"KCoeusKC1008","KCoeus177","KCoeus1050","Y","EAAE523DB859A6E9E040DC0A1F8A0F5D",1
"KCoeusKC1009","KCoeus177","KCoeus1051","Y","EAAE523DB85AA6E9E040DC0A1F8A0F5D",1
"KCoeusKC1010","KCoeus177","KCoeus1052","Y","EAAE523DB85BA6E9E040DC0A1F8A0F5D",1
"KCoeusKC1011","KCoeus177","KCoeus1053","Y","EAAE523DB85CA6E9E040DC0A1F8A0F5D",1
"KCoeusKC1012","KCoeus177","KCoeus1054","Y","EAAE523DB85DA6E9E040DC0A1F8A0F5D",1
"KCoeusKC1013","KCoeus177","KCoeus1055","Y","EAAE523DB85EA6E9E040DC0A1F8A0F5D",1
"KCoeusKC1014","KCoeus177","KCoeus1056","Y","EAAE523DB85FA6E9E040DC0A1F8A0F5D",1
"KCoeusKC1015","KCoeus177","KCoeus1057","Y","EAAE523DB860A6E9E040DC0A1F8A0F5D",1
"KCoeusKC1016","KCoeus177","KCoeus1058","Y","EAAE523DB861A6E9E040DC0A1F8A0F5D",1
"KCoeusKC1017","KCoeus177","KCoeus1059","Y","EAAE523DB862A6E9E040DC0A1F8A0F5D",1
"KCoeusKC1018","KCoeus177","KCoeus1060","Y","EAAE523DB863A6E9E040DC0A1F8A0F5D",1
"KCoeusKC1019","KCoeus177","KCoeus1061","Y","EAAE523DB864A6E9E040DC0A1F8A0F5D",1
"KCoeusKC1020","KCoeus177","KCoeus1062","Y","EAAE523DB865A6E9E040DC0A1F8A0F5D",1
"KCoeusKC1021","KCoeus177","KCoeus1063","Y","EAAE523DB866A6E9E040DC0A1F8A0F5D",1
"KCoeusKC1022","KCoeus177","KCoeus1064","Y","EAAE523DB867A6E9E040DC0A1F8A0F5D",1
"KCoeusKC1023","KCoeus177","KCoeus1065","Y","EAAE523DB868A6E9E040DC0A1F8A0F5D",1
"KCoeusKC1024","KCoeus177","KCoeus1066","Y","EAAE523DB869A6E9E040DC0A1F8A0F5D",1
"KCoeusKC1025","KCoeus177","KCoeus1067","Y","EAAE523DB86AA6E9E040DC0A1F8A0F5D",1
"KCoeusKC1026","KCoeus177","KCoeusKC1069","Y","EAAE523DB86BA6E9E040DC0A1F8A0F5D",1
"KCoeusKC1027","KCoeus177","KCoeus1070","Y","EAAE523DB86CA6E9E040DC0A1F8A0F5D",1
"KCoeusKC1028","KCoeus177","KCoeus1071","Y","EAAE523DB86DA6E9E040DC0A1F8A0F5D",1
"KCoeusKC1029","KCoeus177","KCoeus1072","Y","EAAE523DB86EA6E9E040DC0A1F8A0F5D",1
"KCoeusKC1030","KCoeus177","KCoeus1073","Y","EAAE523DB86FA6E9E040DC0A1F8A0F5D",1
"KCoeusKC1031","KCoeus177","KCoeus1074","Y","EAAE523DB870A6E9E040DC0A1F8A0F5D",1
"KCoeusKC1032","KCoeus177","KCoeus1075","Y","EAAE523DB871A6E9E040DC0A1F8A0F5D",1
"KCoeusKC1033","KCoeus177","KCoeus1076","Y","EAAE523DB872A6E9E040DC0A1F8A0F5D",1
"KCoeusKC1034","KCoeus177","KCoeus1077","Y","EAAE523DB873A6E9E040DC0A1F8A0F5D",1
"KCoeusKC1035","KCoeus177","KCoeus1078","Y","EAAE523DB874A6E9E040DC0A1F8A0F5D",1
"KCoeusKC1036","KCoeus177","KCoeus1079","Y","EAAE523DB875A6E9E040DC0A1F8A0F5D",1
"KCoeusKC1037","KCoeus177","KCoeus1080","Y","EAAE523DB876A6E9E040DC0A1F8A0F5D",1
"KCoeusKC1038","KCoeus177","KCoeus1081","Y","EAAE523DB877A6E9E040DC0A1F8A0F5D",1
"KCoeusKC1039","KCoeus177","KCoeus1082","Y","EAAE523DB878A6E9E040DC0A1F8A0F5D",1
"KCoeusKC1040","KCoeus177","KCoeus1083","Y","EAAE523DB879A6E9E040DC0A1F8A0F5D",1
"KCoeusKC1041","KCoeus177","KCoeus1084","Y","EAAE523DB87AA6E9E040DC0A1F8A0F5D",1
"KCoeusKC1042","KCoeus177","KCoeus1085","Y","EAAE523DB87BA6E9E040DC0A1F8A0F5D",1
"KCoeusKC1043","KCoeus177","KCoeus1086","Y","EAAE523DB87CA6E9E040DC0A1F8A0F5D",1
"KCoeusKC1044","KCoeus177","KCoeus1087","Y","EAAE523DB87DA6E9E040DC0A1F8A0F5D",1
"KCoeusKC1045","KCoeus177","KCoeus1088","Y","EAAE523DB87EA6E9E040DC0A1F8A0F5D",1
"KCoeusKC1046","KCoeus177","KCoeus1089","Y","EAAE523DB87FA6E9E040DC0A1F8A0F5D",1
"KCoeusKC1047","KCoeus177","KCoeus1090","Y","EAAE523DB880A6E9E040DC0A1F8A0F5D",1
"KCoeusKC1048","KCoeus177","KCoeus1091","Y","EAAE523DB881A6E9E040DC0A1F8A0F5D",1
"KCoeusKC1049","KCoeus177","KCoeus1092","Y","EAAE523DB882A6E9E040DC0A1F8A0F5D",1
"KCoeusKC1050","KCoeus177","KCoeus1093","Y","EAAE523DB883A6E9E040DC0A1F8A0F5D",1
"KCoeusKC1051","KCoeus177","KCoeus1094","Y","EAAE523DB884A6E9E040DC0A1F8A0F5D",1
"KCoeusKC1052","KCoeus177","KCoeus1095","Y","EAAE523DB885A6E9E040DC0A1F8A0F5D",1
"KCoeusKC1053","KCoeus177","KCoeus1096","Y","EAAE523DB886A6E9E040DC0A1F8A0F5D",1
"KCoeusKC1054","KCoeus177","KCoeus1097","Y","EAAE523DB887A6E9E040DC0A1F8A0F5D",1
"KCoeusKC1055","KCoeus177","KCoeus1098","Y","EAAE523DB888A6E9E040DC0A1F8A0F5D",1
"KCoeusKC1056","KCoeus177","KCoeus1100","Y","EAAE523DB889A6E9E040DC0A1F8A0F5D",1
"KCoeusKC1057","KCoeus177","KCoeus1101","Y","EAAE523DB88AA6E9E040DC0A1F8A0F5D",1
"KCoeusKC1058","KCoeus177","KCoeus1102","Y","EAAE523DB88BA6E9E040DC0A1F8A0F5D",1
"KCoeusKC1059","KCoeus177","KCoeus1105","Y","EAAE523DB88CA6E9E040DC0A1F8A0F5D",1
"KCoeusKC1060","KCoeus177","KCoeus1106","Y","EAAE523DB88DA6E9E040DC0A1F8A0F5D",1
"KCoeusKC1061","KCoeus177","KCoeus1111","Y","EAAE523DB88EA6E9E040DC0A1F8A0F5D",1
"KCoeusKC1062","KCoeus177","KCoeus1112","Y","EAAE523DB88FA6E9E040DC0A1F8A0F5D",1
"KCoeusKC1063","KCoeus177","KCoeus1113","Y","EAAE523DB890A6E9E040DC0A1F8A0F5D",1
"KCoeusKC1064","KCoeus177","KCoeus1114","Y","EAAE523DB891A6E9E040DC0A1F8A0F5D",1
"KCoeusKC1065","KCoeus177","KCoeus1115","Y","EAAE523DB892A6E9E040DC0A1F8A0F5D",1
"KCoeusKC1066","KCoeus177","KCoeusKC1117","Y","EAAE523DB893A6E9E040DC0A1F8A0F5D",1
"KCoeusKC1067","KCoeus177","KCoeusKC1118","Y","EAAE523DB894A6E9E040DC0A1F8A0F5D",1
"KCoeusKC1068","KCoeus177","KCoeus10000","Y","EAAE523DB895A6E9E040DC0A1F8A0F5D",1
"KCoeusKC1069","KCoeus177","KCoeus10001","Y","EAAE523DB896A6E9E040DC0A1F8A0F5D",1
"KCoeusKC1070","KCoeus177","KCoeus1119","Y","EAAE523DB897A6E9E040DC0A1F8A0F5D",1
"KCoeusKC1071","KCoeus177","KCoeus1120","Y","EAAE523DB898A6E9E040DC0A1F8A0F5D",1
"KCoeusKC1072","KCoeus177","KCoeus1121","Y","EAAE523DB899A6E9E040DC0A1F8A0F5D",1
"KCoeusKC1073","KCoeus177","KCoeus1122","Y","EAAE523DB89AA6E9E040DC0A1F8A0F5D",1
"KCoeusKC1074","KCoeus177","KCoeus1123","Y","EAAE523DB89BA6E9E040DC0A1F8A0F5D",1
"KCoeusKC1075","KCoeus177","KCoeus1124","Y","EAAE523DB89CA6E9E040DC0A1F8A0F5D",1
"KCoeusKC1076","KCoeus177","KCoeus1125","Y","EAAE523DB89DA6E9E040DC0A1F8A0F5D",1
"KCoeusKC1077","KCoeus177","KCoeus1126","Y","EAAE523DB89EA6E9E040DC0A1F8A0F5D",1
"KCoeusKC1078","KCoeus177","KCoeus1127","Y","EAAE523DB89FA6E9E040DC0A1F8A0F5D",1
"KCoeusKC1079","KCoeus177","KCoeus1128","Y","EAAE523DB8A0A6E9E040DC0A1F8A0F5D",1
"KCoeusKC1080","KCoeus177","KCoeus1129","Y","EAAE523DB8A1A6E9E040DC0A1F8A0F5D",1
"KCoeusKC1081","KCoeus177","KCoeus1130","Y","EAAE523DB8A2A6E9E040DC0A1F8A0F5D",1
"KCoeusKC1082","KCoeus177","KCoeus1131","Y","EAAE523DB8A3A6E9E040DC0A1F8A0F5D",1
"KCoeusKC1083","KCoeus177","KCoeus1132","Y","EAAE523DB8A4A6E9E040DC0A1F8A0F5D",1
"KCoeusKC1084","KCoeus177","KCoeus1133","Y","EAAE523DB8A5A6E9E040DC0A1F8A0F5D",1
"KCoeusKC1085","KCoeus177","KCoeus1134","Y","EAAE523DB8A6A6E9E040DC0A1F8A0F5D",1
"KCoeusKC1086","KCoeus177","KCoeus1135","Y","EAAE523DB8A7A6E9E040DC0A1F8A0F5D",1
"KCoeusKC1087","KCoeus177","KCoeus1136","Y","EAAE523DB8A8A6E9E040DC0A1F8A0F5D",1
"KCoeusKC1088","KCoeus177","KCoeus1137","Y","EAAE523DB8A9A6E9E040DC0A1F8A0F5D",1
"KCoeusKC1089","KCoeus177","KCoeus1138","Y","EAAE523DB8AAA6E9E040DC0A1F8A0F5D",1
"KCoeusKC1090","KCoeus177","KCoeus1139","Y","EAAE523DB8ABA6E9E040DC0A1F8A0F5D",1
"KCoeusKC1091","KCoeus177","KCoeus1140","Y","EAAE523DB8ACA6E9E040DC0A1F8A0F5D",1
"KCoeusKC1092","KCoeus177","KCoeus1141","Y","EAAE523DB8ADA6E9E040DC0A1F8A0F5D",1
"KCoeusKC1093","KCoeus177","KCoeus1142","Y","EAAE523DB8AEA6E9E040DC0A1F8A0F5D",1
"KCoeusKC1094","KCoeus177","KCoeus1143","Y","EAAE523DB8AFA6E9E040DC0A1F8A0F5D",1
"KCoeusKC1095","KCoeus177","KCoeus1144","Y","EAAE523DB8B0A6E9E040DC0A1F8A0F5D",1
"KCoeusKC1096","KCoeus177","KCoeus1145","Y","EAAE523DB8B1A6E9E040DC0A1F8A0F5D",1
"KCoeusKC1097","KCoeus177","KCoeus1146","Y","EAAE523DB8B2A6E9E040DC0A1F8A0F5D",1
"KCoeusKC1098","KCoeus177","KCoeus1148","Y","EAAE523DB8B3A6E9E040DC0A1F8A0F5D",1
"KCoeusKC1099","KCoeus177","KCoeus1149","Y","EAAE523DB8B4A6E9E040DC0A1F8A0F5D",1
"KCoeusKC1100","KCoeus177","KCoeus10002","Y","EAAE523DB8B5A6E9E040DC0A1F8A0F5D",1
"KCoeusKC1101","KCoeus177","KCoeus1150","Y","EAAE523DB8B6A6E9E040DC0A1F8A0F5D",1
"KCoeusKC1102","KCoeus177","KCoeus1151","Y","EAAE523DB8B7A6E9E040DC0A1F8A0F5D",1
"KCoeusKC1103","KCoeus177","KCoeus1152","Y","EAAE523DB8B8A6E9E040DC0A1F8A0F5D",1
"KCoeusKC1104","KCoeus177","KCoeus1153","Y","EAAE523DB8B9A6E9E040DC0A1F8A0F5D",1
"KCoeusKC1105","KCoeus177","KCoeus1154","Y","EAAE523DB8BAA6E9E040DC0A1F8A0F5D",1
"KCoeusKC1106","KCoeus177","KCoeus1155","Y","EAAE523DB8BBA6E9E040DC0A1F8A0F5D",1
"KCoeusKC1107","KCoeus177","KCoeus1156","Y","EAAE523DB8BCA6E9E040DC0A1F8A0F5D",1
"KCoeusKC1108","KCoeus177","KCoeus1157","Y","EAAE523DB8BDA6E9E040DC0A1F8A0F5D",1
"KCoeusKC1109","KCoeus177","KCoeus1158","Y","EAAE523DB8BEA6E9E040DC0A1F8A0F5D",1
"KCoeusKC1831","KCoeus110","KCoeusKC1117","Y","EAAE523DB760A6E9E040DC0A1F8A0F5D",1
"KCoeusKC1832","KCoeus105","KCoeusKC1118","Y","EAAE523DB766A6E9E040DC0A1F8A0F5D",1
